,Unnamed: 0,Unnamed: 0.1,text,sentiment,sentiment_id,predictions
300,300,50,Blake defeats Moya to retain title,joy,3,"{'interest_vigilance': 0.008, 'anticipation': 0.019, 'admire': 0.021, 'sadness': 0.03, 'trust': 0.031, 'distraction': 0.051, 'joy_ecstasy': 0.054, 'boredom': 0.079, 'anger': 0.104, 'fear': 0.135, 'senerity': 0.138, 'disgust_loathing': 0.155, 'acceptance': 0.216}"
301,301,51,"Storms kill, knock out power, cancel flights",fear,2,"{'anger': 0.007, 'amazement_surprise': 0.011, 'distraction': 0.022, 'interest_vigilance': 0.023, 'acceptance': 0.048, 'fear': 0.065, 'boredom': 0.109, 'sadness': 0.344, 'disgust_loathing': 0.412}"
302,302,52,Aquarium puts ailing beluga whale to sleep,sadness,4,"{'acceptance': 0.006, 'anticipation': 0.011, 'interest_vigilance': 0.013, 'amazement_surprise': 0.022, 'anger': 0.044, 'fear': 0.082, 'boredom': 0.107, 'sadness': 0.365, 'disgust_loathing': 0.392}"
303,303,53,"Microsoft, Sony, we have a problem",surprise,5,"{'anger': 0.002, 'interest_vigilance': 0.012, 'admire': 0.014, 'joy_ecstasy': 0.016, 'anticipation': 0.023, 'acceptance': 0.025, 'senerity': 0.029, 'distraction': 0.036, 'amazement_surprise': 0.05, 'fear': 0.175, 'boredom': 0.183, 'sadness': 0.224, 'disgust_loathing': 0.251}"
304,304,54,A police state? The issues,fear,2,"{'joy_ecstasy': 0.006, 'admire': 0.009, 'anger': 0.024, 'distraction': 0.025, 'sadness': 0.069, 'boredom': 0.073, 'acceptance': 0.075, 'interest_vigilance': 0.087, 'senerity': 0.104, 'anticipation': 0.144, 'disgust_loathing': 0.208, 'fear': 0.214}"
305,305,55,Move to ban iPods from crossing the street,surprise,5,"{'anger': 0.003, 'anticipation': 0.02, 'senerity': 0.02, 'distraction': 0.063, 'acceptance': 0.071, 'sadness': 0.099, 'interest_vigilance': 0.114, 'disgust_loathing': 0.229, 'fear': 0.422}"
306,306,56,India's Taj Mahal gets facelift,joy,3,"{'sadness': 0.002, 'interest_vigilance': 0.02, 'amazement_surprise': 0.034, 'trust': 0.038, 'admire': 0.042, 'anger': 0.044, 'distraction': 0.111, 'fear': 0.117, 'boredom': 0.122, 'disgust_loathing': 0.145, 'acceptance': 0.156, 'joy_ecstasy': 0.211}"
307,307,57,Cheney to Congress: Can't run Iraq war by committee,anger,0,"{'fear': 0.015, 'distraction': 0.016, 'boredom': 0.025, 'anticipation': 0.029, 'sadness': 0.037, 'surprise': 0.044, 'senerity': 0.05, 'interest_vigilance': 0.127, 'trust': 0.149, 'disgust': 0.212, 'joy': 0.336}"
308,308,58,Ganguly handed India squad call-up,joy,3,"{'senerity': 0.001, 'trust': 0.024, 'admire': 0.048, 'distraction': 0.052, 'joy_ecstasy': 0.06, 'anticipation': 0.064, 'amazement_surprise': 0.064, 'anger': 0.07, 'interest_vigilance': 0.076, 'boredom': 0.112, 'fear': 0.119, 'acceptance': 0.174, 'disgust_loathing': 0.176}"
309,309,59,Fortune: Looking beyond the iPhone,joy,3,"{'interest_vigilance': 0.003, 'amazement_surprise': 0.015, 'admire': 0.035, 'disgust_loathing': 0.038, 'anticipation': 0.09, 'trust': 0.192, 'acceptance': 0.201, 'joy_ecstasy': 0.468}"
310,310,60,Really?: The claim: the back seat of a car is the safest place to sit,surprise,5,"{'anticipation': 0.018, 'anger': 0.019, 'interest_vigilance': 0.024, 'admire': 0.056, 'senerity': 0.071, 'joy_ecstasy': 0.142, 'trust': 0.343, 'acceptance': 0.368}"
311,311,61,Vaccine mandate upsets legislators,anger,0,"{'boredom': 0.052, 'distraction': 0.054, 'interest_vigilance': 0.083, 'sadness': 0.22, 'fear': 0.31, 'disgust_loathing': 0.322}"
312,312,62,News analysis: Iranian boast is put to test,fear,2,"{'sadness': 0.007, 'interest_vigilance': 0.015, 'trust': 0.025, 'distraction': 0.04, 'anger': 0.049, 'fear': 0.06, 'amazement_surprise': 0.064, 'admire': 0.073, 'boredom': 0.096, 'anticipation': 0.109, 'disgust_loathing': 0.14, 'joy_ecstasy': 0.171, 'acceptance': 0.192}"
313,313,63,Panel issues bleak report on climate change,fear,2,"{'senerity': 0.007, 'distraction': 0.034, 'amazement_surprise': 0.037, 'boredom': 0.046, 'acceptance': 0.05, 'disgust_loathing': 0.067, 'interest_vigilance': 0.153, 'sadness': 0.161, 'fear': 0.221, 'anticipation': 0.264}"
314,314,64,Virtual 'American Idol' hits right notes,joy,3,"{'boredom': 0.019, 'disgust_loathing': 0.041, 'fear': 0.045, 'anticipation': 0.06, 'trust': 0.087, 'admire': 0.144, 'acceptance': 0.244, 'joy_ecstasy': 0.401}"
315,315,65,"Iraq car bombings kill 22 People, wound more than 60",sadness,4,"{'boredom': 0.011, 'distraction': 0.012, 'acceptance': 0.021, 'anger': 0.03, 'interest_vigilance': 0.057, 'sadness': 0.138, 'fear': 0.347, 'disgust_loathing': 0.424}"
316,316,66,'Stomp' steps to No. 1 at box office,joy,3,"{'anticipation': 0.006, 'amazement_surprise': 0.041, 'fear': 0.042, 'anger': 0.049, 'distraction': 0.051, 'trust': 0.06, 'boredom': 0.067, 'admire': 0.1, 'disgust_loathing': 0.127, 'acceptance': 0.15, 'joy_ecstasy': 0.349}"
317,317,67,Google executive acts as goodwill envoy,joy,3,"{'anticipation': 0.007, 'trust': 0.133, 'acceptance': 0.219, 'admire': 0.275, 'joy_ecstasy': 0.407}"
318,318,68,Filipino woman kidnapped in Nigeria,fear,2,"{'sadness': 0.01, 'trust': 0.014, 'distraction': 0.019, 'boredom': 0.02, 'anticipation': 0.031, 'acceptance': 0.039, 'disgust_loathing': 0.039, 'interest_vigilance': 0.208, 'fear': 0.66}"
319,319,69,"Seahawks, Bears vie for shot at NFL title",joy,3,"{'senerity': 0.022, 'distraction': 0.024, 'disgust_loathing': 0.045, 'fear': 0.047, 'anticipation': 0.054, 'anger': 0.06, 'trust': 0.08, 'boredom': 0.127, 'admire': 0.153, 'acceptance': 0.184, 'joy_ecstasy': 0.244}"
320,320,70,Brown not buried as estate issues loom,sadness,4,"{'surprise': 0.022, 'anticipation': 0.029, 'senerity': 0.03, 'sadness': 0.035, 'trust': 0.042, 'distraction': 0.16, 'disgust': 0.17600000000000002, 'interest_vigilance': 0.219, 'joy': 0.32799999999999996}"
321,321,71,Will Rob Cohen Direct Third 'Mummy'?,surprise,5,"{'fear': 0.011, 'admire': 0.024, 'anger': 0.042, 'interest_vigilance': 0.042, 'distraction': 0.05, 'trust': 0.054, 'sadness': 0.056, 'joy_ecstasy': 0.062, 'senerity': 0.069, 'amazement_surprise': 0.072, 'acceptance': 0.108, 'boredom': 0.121, 'disgust_loathing': 0.134, 'anticipation': 0.196}"
322,322,72,EU will urge China to go green,joy,3,"{'boredom': 0.009, 'distraction': 0.013, 'senerity': 0.021, 'anger': 0.036, 'anticipation': 0.051, 'interest_vigilance': 0.059, 'joy_ecstasy': 0.113, 'trust': 0.145, 'admire': 0.216, 'acceptance': 0.378}"
323,323,73,17th-Century Remedy; 21st-Century Potency,surprise,5,"{'senerity': 0.004, 'interest_vigilance': 0.025, 'fear': 0.027, 'amazement_surprise': 0.037, 'distraction': 0.041, 'admire': 0.047, 'anger': 0.048, 'trust': 0.052, 'joy_ecstasy': 0.074, 'boredom': 0.099, 'disgust_loathing': 0.12, 'anticipation': 0.136, 'acceptance': 0.33}"
324,324,74,Forecasters expect toasty 2007,fear,2,"{'anger': 0.011, 'admire': 0.047, 'trust': 0.174, 'acceptance': 0.188, 'joy_ecstasy': 0.289, 'anticipation': 0.332}"
325,325,75,'Sunshine' Goydos wins Sony open,joy,3,"{'distraction': 0.008, 'fear': 0.02, 'anger': 0.034, 'anticipation': 0.04, 'trust': 0.05, 'admire': 0.093, 'acceptance': 0.171, 'joy_ecstasy': 0.624}"
326,326,76,Teacher charged with sex assault,disgust,1,"{'anticipation': 0.002, 'acceptance': 0.006, 'anger': 0.023, 'distraction': 0.033, 'trust': 0.035, 'interest_vigilance': 0.062, 'boredom': 0.079, 'sadness': 0.116, 'disgust_loathing': 0.208, 'fear': 0.477}"
327,327,77,Merck: Gardasil may fight more strains,joy,3,"{'senerity': 0.004, 'admire': 0.008, 'joy_ecstasy': 0.018, 'anticipation': 0.021, 'interest_vigilance': 0.024, 'amazement_surprise': 0.028, 'distraction': 0.029, 'anger': 0.036, 'acceptance': 0.072, 'boredom': 0.096, 'fear': 0.134, 'sadness': 0.198, 'disgust_loathing': 0.372}"
328,328,78,"Mountain glaciers melting faster, United Nations says",fear,2,"{'anticipation': 0.032, 'senerity': 0.047, 'anger': 0.056, 'joy_ecstasy': 0.056, 'amazement_surprise': 0.059, 'distraction': 0.06, 'interest_vigilance': 0.077, 'fear': 0.086, 'sadness': 0.086, 'acceptance': 0.104, 'boredom': 0.178, 'disgust_loathing': 0.203}"
329,329,79,Snow causes airport closures in Britain,sadness,4,"{'anger': 0.015, 'amazement_surprise': 0.022, 'interest_vigilance': 0.029, 'fear': 0.032, 'distraction': 0.057, 'acceptance': 0.061, 'boredom': 0.085, 'disgust_loathing': 0.36, 'sadness': 0.38}"
330,330,80,Bananaconda inventor is top poet of kids,joy,3,"{'interest_vigilance': 0.001, 'fear': 0.023, 'amazement_surprise': 0.033, 'distraction': 0.033, 'anticipation': 0.037, 'trust': 0.041, 'disgust_loathing': 0.05, 'anger': 0.056, 'boredom': 0.062, 'admire': 0.196, 'acceptance': 0.207, 'joy_ecstasy': 0.304}"
331,331,81,Shareholders sue Apple,anger,0,"{'anticipation': 0.041, 'admire': 0.042, 'senerity': 0.076, 'trust': 0.077, 'anger': 0.091, 'fear': 0.095, 'interest_vigilance': 0.099, 'sadness': 0.127, 'acceptance': 0.169, 'disgust_loathing': 0.225}"
332,332,82,Israelis retaliate after attack by Lebanese Army,fear,2,"{'joy_ecstasy': 0.001, 'distraction': 0.015, 'anger': 0.017, 'interest_vigilance': 0.017, 'sadness': 0.089, 'acceptance': 0.115, 'fear': 0.376, 'disgust_loathing': 0.411}"
333,333,83,Deadly bird flu confirmed in British Turkeys,fear,2,"{'boredom': 0.003, 'amazement_surprise': 0.02, 'anger': 0.029, 'distraction': 0.035, 'interest_vigilance': 0.109, 'sadness': 0.207, 'fear': 0.281, 'disgust_loathing': 0.357}"
334,334,84,Too little sleep may mean too fat kids,surprise,5,"{'acceptance': 0.023, 'distraction': 0.024, 'amazement_surprise': 0.051, 'joy_ecstasy': 0.078, 'fear': 0.081, 'disgust_loathing': 0.081, 'senerity': 0.105, 'anger': 0.116, 'boredom': 0.21, 'sadness': 0.273}"
335,335,85,Bathing mom awakes to find baby dead,sadness,4,"{'anticipation': 0.007, 'admire': 0.01, 'anger': 0.024, 'interest_vigilance': 0.064, 'boredom': 0.068, 'distraction': 0.082, 'sadness': 0.118, 'fear': 0.158, 'disgust_loathing': 0.51}"
336,336,86,Visitors to Eiffel Tower climb to record in 2006,joy,3,"{'interest_vigilance': 0.002, 'anticipation': 0.018, 'anger': 0.024, 'trust': 0.029, 'fear': 0.038, 'distraction': 0.06, 'boredom': 0.061, 'disgust_loathing': 0.098, 'admire': 0.112, 'amazement_surprise': 0.126, 'acceptance': 0.148, 'joy_ecstasy': 0.325}"
337,337,87,"More sleep, healthier slimmer children ",surprise,5,"{'amazement_surprise': 0.001, 'interest_vigilance': 0.002, 'disgust_loathing': 0.019, 'admire': 0.024, 'distraction': 0.024, 'anticipation': 0.068, 'senerity': 0.105, 'trust': 0.186, 'acceptance': 0.247, 'joy_ecstasy': 0.363}"
338,338,88,Queen battles Bond for Baftas,joy,3,"{'fear': 0.02, 'distraction': 0.021, 'interest_vigilance': 0.024, 'anger': 0.031, 'anticipation': 0.037, 'senerity': 0.044, 'disgust_loathing': 0.054, 'trust': 0.085, 'boredom': 0.113, 'admire': 0.188, 'joy_ecstasy': 0.194, 'acceptance': 0.23}"
339,339,89,"Walters on Trump: 'Poor, pathetic man'",sadness,4,"{'senerity': 0.001, 'acceptance': 0.017, 'disgust_loathing': 0.102, 'sadness': 0.349, 'boredom': 0.571}"
340,340,90,"Ice storm smacks roads, power",fear,2,"{'acceptance': 0.051, 'distraction': 0.065, 'interest_vigilance': 0.067, 'boredom': 0.1, 'fear': 0.149, 'sadness': 0.229, 'disgust_loathing': 0.378}"
341,341,91,Iran says it will strike US interests if Attacked,fear,2,"{'boredom': 0.003, 'anger': 0.008, 'sadness': 0.044, 'distraction': 0.05, 'interest_vigilance': 0.112, 'disgust_loathing': 0.287, 'fear': 0.536}"
342,342,92,Palestinian factions to resume talks,joy,3,"{'interest_vigilance': 0.004, 'boredom': 0.017, 'anger': 0.019, 'anticipation': 0.02, 'joy_ecstasy': 0.028, 'sadness': 0.031, 'distraction': 0.035, 'senerity': 0.072, 'acceptance': 0.221, 'fear': 0.296, 'disgust_loathing': 0.299}"
343,343,93,Study: men's sweat triggers high sexual arousal in women,surprise,5,"{'distraction': 0.017, 'interest_vigilance': 0.021, 'trust': 0.033, 'boredom': 0.038, 'amazement_surprise': 0.054, 'anticipation': 0.081, 'fear': 0.084, 'anger': 0.096, 'acceptance': 0.113, 'sadness': 0.125, 'disgust_loathing': 0.189, 'joy_ecstasy': 0.19}"
344,344,94,Outcry at N Korea 'nuclear test',fear,2,"{'admire': 0.015, 'amazement_surprise': 0.016, 'anticipation': 0.02, 'senerity': 0.029, 'distraction': 0.033, 'joy_ecstasy': 0.056, 'sadness': 0.061, 'boredom': 0.073, 'anger': 0.121, 'acceptance': 0.133, 'fear': 0.153, 'disgust_loathing': 0.331}"
345,345,95,Russia plans major military build-up,fear,2,"{'sadness': 0.017, 'trust': 0.019, 'anger': 0.03, 'distraction': 0.038, 'amazement_surprise': 0.049, 'joy_ecstasy': 0.058, 'fear': 0.073, 'boredom': 0.099, 'disgust_loathing': 0.144, 'acceptance': 0.148, 'anticipation': 0.167, 'interest_vigilance': 0.198}"
346,346,96,Archaeologists find remains of couple locked in a hug,surprise,5,"{'anger': 0.024, 'interest_vigilance': 0.028, 'joy_ecstasy': 0.029, 'sadness': 0.03, 'anticipation': 0.031, 'admire': 0.033, 'senerity': 0.043, 'distraction': 0.043, 'boredom': 0.072, 'disgust_loathing': 0.161, 'fear': 0.267, 'acceptance': 0.28}"
347,347,97,Stenson defends his title at Dubai,joy,3,"{'fear': 0.002, 'anger': 0.008, 'amazement_surprise': 0.01, 'interest_vigilance': 0.019, 'boredom': 0.029, 'senerity': 0.047, 'anticipation': 0.073, 'disgust_loathing': 0.075, 'admire': 0.084, 'joy_ecstasy': 0.139, 'trust': 0.15, 'acceptance': 0.406}"
348,348,98,Taking the plunge,fear,2,"{'senerity': 0.004, 'interest_vigilance': 0.016, 'sadness': 0.018, 'trust': 0.019, 'amazement_surprise': 0.024, 'boredom': 0.034, 'distraction': 0.042, 'admire': 0.049, 'fear': 0.058, 'anger': 0.089, 'disgust_loathing': 0.17, 'joy_ecstasy': 0.212, 'acceptance': 0.306}"
349,349,99,Updates on world's top stories,joy,3,"{'interest_vigilance': 0.001, 'fear': 0.014, 'distraction': 0.034, 'amazement_surprise': 0.039, 'boredom': 0.04, 'disgust_loathing': 0.058, 'trust': 0.069, 'acceptance': 0.109, 'admire': 0.276, 'joy_ecstasy': 0.4}"
350,350,100,Man rides stationary bike for 85 hours,surprise,5,"{'sadness': 0.009, 'amazement_surprise': 0.014, 'trust': 0.022, 'admire': 0.022, 'anger': 0.027, 'joy_ecstasy': 0.037, 'boredom': 0.042, 'anticipation': 0.055, 'disgust_loathing': 0.112, 'senerity': 0.122, 'fear': 0.131, 'acceptance': 0.176, 'interest_vigilance': 0.273}"
351,351,101,Ice storm coating Midwest,fear,2,"{'anger': 0.005, 'amazement_surprise': 0.01, 'boredom': 0.016, 'trust': 0.017, 'admire': 0.018, 'anticipation': 0.072, 'distraction': 0.114, 'fear': 0.118, 'acceptance': 0.14, 'interest_vigilance': 0.159, 'sadness': 0.161, 'disgust_loathing': 0.211}"
352,352,102,A Mistrial for Lieut. Watada,anger,0,"{'senerity': 0.011, 'anger': 0.017, 'trust': 0.019, 'distraction': 0.023, 'amazement_surprise': 0.024, 'admire': 0.038, 'boredom': 0.043, 'sadness': 0.046, 'interest_vigilance': 0.091, 'anticipation': 0.108, 'acceptance': 0.111, 'fear': 0.249, 'disgust_loathing': 0.261}"
353,353,103,Iran warns will hit back at US if attacked,fear,2,"{'boredom': 0.007, 'senerity': 0.009, 'sadness': 0.012, 'distraction': 0.081, 'disgust_loathing': 0.204, 'interest_vigilance': 0.226, 'fear': 0.501}"
354,354,104,ASEAN talks end on energy-security,joy,3,"{'fear': 0.013, 'boredom': 0.014, 'distraction': 0.038, 'admire': 0.053, 'joy_ecstasy': 0.057, 'trust': 0.068, 'senerity': 0.085, 'interest_vigilance': 0.086, 'anticipation': 0.224, 'acceptance': 0.403}"
355,355,105,"Iraqi death toll exceeded 34,000 in 2006, United Nations says",sadness,4,"{'distraction': 0.001, 'anticipation': 0.019, 'admire': 0.035, 'boredom': 0.038, 'anger': 0.042, 'amazement_surprise': 0.047, 'joy_ecstasy': 0.061, 'acceptance': 0.075, 'interest_vigilance': 0.078, 'sadness': 0.131, 'fear': 0.196, 'disgust_loathing': 0.319}"
356,356,106,Israel intensifies military flights over Lebanon,fear,2,"{'anger': 0.002, 'trust': 0.006, 'amazement_surprise': 0.016, 'boredom': 0.021, 'joy_ecstasy': 0.025, 'sadness': 0.029, 'distraction': 0.035, 'senerity': 0.042, 'interest_vigilance': 0.077, 'anticipation': 0.082, 'acceptance': 0.175, 'disgust_loathing': 0.221, 'fear': 0.309}"
357,357,107,New gadgets galore at tech show,joy,3,"{'anger': 0.001, 'interest_vigilance': 0.016, 'fear': 0.018, 'anticipation': 0.024, 'amazement_surprise': 0.029, 'boredom': 0.03, 'disgust_loathing': 0.036, 'distraction': 0.046, 'trust': 0.093, 'admire': 0.102, 'acceptance': 0.167, 'joy_ecstasy': 0.48}"
358,358,108,Another death at Georgia Aquarium,sadness,4,"{'joy_ecstasy': 0.018, 'trust': 0.019, 'boredom': 0.024, 'anticipation': 0.031, 'admire': 0.037, 'anger': 0.041, 'distraction': 0.056, 'acceptance': 0.063, 'interest_vigilance': 0.087, 'sadness': 0.105, 'fear': 0.168, 'disgust_loathing': 0.393}"
359,359,109,US to urge Nato Afghan spring offensive,fear,2,"{'interest_vigilance': 0.002, 'anger': 0.003, 'amazement_surprise': 0.008, 'senerity': 0.02, 'boredom': 0.026, 'trust': 0.028, 'joy_ecstasy': 0.033, 'distraction': 0.038, 'sadness': 0.039, 'anticipation': 0.104, 'fear': 0.129, 'acceptance': 0.242, 'disgust_loathing': 0.367}"
360,360,110,UK letter bombs may be from extremist drivers,fear,2,"{'interest_vigilance': 0.004, 'joy_ecstasy': 0.007, 'distraction': 0.008, 'amazement_surprise': 0.018, 'sadness': 0.069, 'anger': 0.17, 'disgust_loathing': 0.309, 'fear': 0.456}"
361,361,111,Asia seeks breakthrough on North Korea,surprise,5,"{'anger': 0.008, 'amazement_surprise': 0.031, 'distraction': 0.039, 'admire': 0.041, 'interest_vigilance': 0.044, 'boredom': 0.063, 'trust': 0.077, 'disgust_loathing': 0.106, 'anticipation': 0.124, 'acceptance': 0.253, 'joy_ecstasy': 0.255}"
362,362,112,Federer overcomes a ragged start,joy,3,"{'acceptance': 0.014, 'distraction': 0.015, 'anticipation': 0.018, 'fear': 0.027, 'anger': 0.029, 'amazement_surprise': 0.038, 'interest_vigilance': 0.043, 'boredom': 0.129, 'disgust_loathing': 0.335, 'sadness': 0.393}"
363,363,113,Rowdy fans ejected from the Open,anger,0,"{'distraction': 0.02, 'fear': 0.029, 'sadness': 0.082, 'boredom': 0.161, 'disgust_loathing': 0.276, 'anger': 0.473}"
364,364,114,Terai protesters hail 'historic' victory over government,joy,3,"{'senerity': 0.009, 'trust': 0.013, 'anger': 0.017, 'anticipation': 0.023, 'disgust_loathing': 0.034, 'distraction': 0.038, 'boredom': 0.069, 'acceptance': 0.222, 'admire': 0.283, 'joy_ecstasy': 0.332}"
365,365,115,Anger at release of two held over beheading plot,anger,0,"{'distraction': 0.011, 'joy_ecstasy': 0.025, 'amazement_surprise': 0.026, 'acceptance': 0.03, 'boredom': 0.057, 'sadness': 0.085, 'anger': 0.212, 'fear': 0.244, 'disgust_loathing': 0.349}"
366,366,116,Bush adamant on troops to Iraq,anger,0,"{'fear': 0.005, 'sadness': 0.011, 'disgust_loathing': 0.019, 'anger': 0.024, 'distraction': 0.037, 'joy_ecstasy': 0.039, 'trust': 0.051, 'anticipation': 0.073, 'admire': 0.103, 'senerity': 0.116, 'acceptance': 0.565}"
367,367,117,Bebe Neuwirth gets to 'wiggle again',joy,3,"{'admire': 0.013, 'anger': 0.014, 'interest_vigilance': 0.014, 'senerity': 0.033, 'fear': 0.072, 'amazement_surprise': 0.073, 'sadness': 0.079, 'joy_ecstasy': 0.079, 'distraction': 0.082, 'acceptance': 0.106, 'anticipation': 0.124, 'boredom': 0.139, 'disgust_loathing': 0.211}"
368,368,118,Beckham to L.A.: For the game not fame,joy,3,"{'anticipation': 0.022, 'amazement_surprise': 0.025, 'distraction': 0.026, 'sadness': 0.028, 'anger': 0.038, 'senerity': 0.038, 'disgust_loathing': 0.06, 'boredom': 0.069, 'joy_ecstasy': 0.202, 'acceptance': 0.233, 'admire': 0.298}"
369,369,119,Sleep more to fight childhood obesity,surprise,5,"{'senerity': 0.002, 'acceptance': 0.003, 'anticipation': 0.031, 'anger': 0.04, 'distraction': 0.042, 'interest_vigilance': 0.05, 'amazement_surprise': 0.063, 'fear': 0.086, 'boredom': 0.143, 'disgust_loathing': 0.212, 'sadness': 0.369}"
370,370,120,Abbas rejects temporary state,sadness,4,"{'boredom': 0.001, 'interest_vigilance': 0.016, 'distraction': 0.03, 'trust': 0.04, 'sadness': 0.051, 'fear': 0.062, 'disgust_loathing': 0.074, 'anticipation': 0.077, 'admire': 0.078, 'senerity': 0.119, 'acceptance': 0.493}"
371,371,121,Investigation of child porn site hits 77 nations,disgust,1,"{'amazement_surprise': 0.007, 'distraction': 0.014, 'admire': 0.018, 'boredom': 0.06, 'anger': 0.099, 'sadness': 0.103, 'disgust_loathing': 0.342, 'fear': 0.398}"
372,372,122,Sleuths close in on Odysseus home,surprise,5,"{'senerity': 0.01, 'interest_vigilance': 0.011, 'trust': 0.018, 'distraction': 0.025, 'anger': 0.048, 'amazement_surprise': 0.051, 'admire': 0.055, 'fear': 0.056, 'sadness': 0.056, 'anticipation': 0.094, 'boredom': 0.113, 'acceptance': 0.131, 'joy_ecstasy': 0.16, 'disgust_loathing': 0.213}"
373,373,123,Variety: Johnny Depp to make movie of spy poisoning,surprise,5,"{'anticipation': 0.006, 'admire': 0.038, 'distraction': 0.04, 'amazement_surprise': 0.051, 'anger': 0.073, 'joy_ecstasy': 0.076, 'acceptance': 0.076, 'sadness': 0.091, 'boredom': 0.149, 'fear': 0.152, 'disgust_loathing': 0.29}"
374,374,124,Ice storm cripples central U.S.,fear,2,"{'anticipation': 0.022, 'anger': 0.023, 'amazement_surprise': 0.05, 'boredom': 0.058, 'interest_vigilance': 0.07, 'acceptance': 0.077, 'distraction': 0.077, 'fear': 0.122, 'sadness': 0.243, 'disgust_loathing': 0.3}"
375,375,125,Park stars as United maintain lead,joy,3,"{'anger': 0.001, 'interest_vigilance': 0.005, 'disgust_loathing': 0.007, 'distraction': 0.024, 'boredom': 0.031, 'anticipation': 0.057, 'joy_ecstasy': 0.117, 'senerity': 0.127, 'trust': 0.172, 'admire': 0.202, 'acceptance': 0.298}"
376,376,126,Prehistoric Romeo and Juliet discovered,surprise,5,"{'fear': 0.007, 'trust': 0.018, 'anger': 0.033, 'admire': 0.036, 'sadness': 0.038, 'amazement_surprise': 0.044, 'distraction': 0.052, 'senerity': 0.055, 'joy_ecstasy': 0.073, 'boredom': 0.082, 'interest_vigilance': 0.082, 'acceptance': 0.123, 'disgust_loathing': 0.18, 'anticipation': 0.218}"
377,377,127,India's famous landmark gets facelift,joy,3,"{'distraction': 0.011, 'fear': 0.018, 'disgust_loathing': 0.038, 'trust': 0.059, 'amazement_surprise': 0.059, 'acceptance': 0.061, 'admire': 0.175, 'joy_ecstasy': 0.62}"
378,378,128,Joseph Wambaugh's new start,joy,3,"{'senerity': 0.001, 'admire': 0.002, 'interest_vigilance': 0.003, 'trust': 0.005, 'anger': 0.027, 'distraction': 0.043, 'sadness': 0.047, 'amazement_surprise': 0.076, 'fear': 0.091, 'joy_ecstasy': 0.104, 'anticipation': 0.111, 'boredom': 0.145, 'acceptance': 0.185, 'disgust_loathing': 0.201}"
379,379,129,Participant in water-drinking contest dies,sadness,4,"{'senerity': 0.004, 'joy_ecstasy': 0.021, 'interest_vigilance': 0.029, 'amazement_surprise': 0.03, 'admire': 0.033, 'distraction': 0.036, 'anticipation': 0.058, 'boredom': 0.058, 'anger': 0.062, 'fear': 0.078, 'sadness': 0.171, 'acceptance': 0.171, 'disgust_loathing': 0.289}"
380,380,130,Apple drops bombshell with iPhone,surprise,5,"{'interest_vigilance': 0.007, 'amazement_surprise': 0.02, 'joy_ecstasy': 0.051, 'distraction': 0.062, 'sadness': 0.067, 'anger': 0.076, 'acceptance': 0.095, 'boredom': 0.096, 'fear': 0.28, 'disgust_loathing': 0.287}"
381,381,131,Bollywood's 'Brangelina' engaged,joy,3,"{'interest_vigilance': 0.006, 'fear': 0.017, 'amazement_surprise': 0.022, 'trust': 0.033, 'admire': 0.044, 'anger': 0.046, 'distraction': 0.052, 'anticipation': 0.086, 'disgust_loathing': 0.109, 'boredom': 0.144, 'acceptance': 0.238, 'joy_ecstasy': 0.245}"
382,382,132,"Shiite fighters arrested in crackdown, Iraq says",fear,2,"{'anger': 0.001, 'senerity': 0.002, 'trust': 0.003, 'anticipation': 0.007, 'acceptance': 0.017, 'boredom': 0.02, 'sadness': 0.022, 'distraction': 0.025, 'interest_vigilance': 0.094, 'disgust_loathing': 0.256, 'fear': 0.593}"
383,383,133,"Rio De Janeiro journal: drawing lines across the sand, between classes",sadness,4,"{'interest_vigilance': 0.003, 'senerity': 0.004, 'admire': 0.016, 'sadness': 0.024, 'amazement_surprise': 0.024, 'distraction': 0.028, 'anger': 0.029, 'fear': 0.051, 'joy_ecstasy': 0.086, 'boredom': 0.144, 'anticipation': 0.149, 'disgust_loathing': 0.198, 'acceptance': 0.286}"
384,384,134,Models' health guidelines -- will they help?,surprise,5,"{'disgust_loathing': 0.004, 'anger': 0.007, 'senerity': 0.007, 'fear': 0.029, 'distraction': 0.033, 'interest_vigilance': 0.039, 'admire': 0.044, 'boredom': 0.051, 'amazement_surprise': 0.053, 'joy_ecstasy': 0.055, 'trust': 0.171, 'anticipation': 0.26, 'acceptance': 0.289}"
385,385,135,Stepping back in time at ski resort,joy,3,"{'sadness': 0.003, 'anger': 0.01, 'senerity': 0.032, 'admire': 0.033, 'interest_vigilance': 0.038, 'amazement_surprise': 0.045, 'anticipation': 0.047, 'boredom': 0.062, 'joy_ecstasy': 0.071, 'distraction': 0.08, 'fear': 0.111, 'acceptance': 0.18, 'disgust_loathing': 0.33}"
386,386,136,Test cricketer jailed over killing,sadness,4,"{'senerity': 0.007, 'sadness': 0.016, 'trust': 0.035, 'anger': 0.038, 'acceptance': 0.07, 'interest_vigilance': 0.07, 'disgust_loathing': 0.229, 'fear': 0.576}"
387,387,137,Walnuts 'combat unhealthy fats',joy,3,"{'acceptance': 0.04, 'disgust_loathing': 0.198, 'boredom': 0.349, 'sadness': 0.455}"
388,388,138,Apple to Vista upgraders: 'Wait',surprise,5,"{'fear': 0.007, 'admire': 0.014, 'anger': 0.016, 'sadness': 0.016, 'interest_vigilance': 0.019, 'senerity': 0.034, 'distraction': 0.039, 'boredom': 0.054, 'amazement_surprise': 0.061, 'joy_ecstasy': 0.087, 'trust': 0.097, 'disgust_loathing': 0.1, 'anticipation': 0.167, 'acceptance': 0.329}"
389,389,139,Injured Sarwan to miss one-dayers,sadness,4,"{'amazement_surprise': 0.012, 'distraction': 0.024, 'anger': 0.033, 'interest_vigilance': 0.064, 'boredom': 0.094, 'fear': 0.161, 'sadness': 0.193, 'disgust_loathing': 0.46}"
390,390,140,Firms on alert for letter bombs,fear,2,"{'senerity': 0.007, 'sadness': 0.009, 'admire': 0.01, 'amazement_surprise': 0.012, 'anticipation': 0.019, 'acceptance': 0.032, 'distraction': 0.036, 'disgust_loathing': 0.126, 'fear': 0.376, 'interest_vigilance': 0.414}"
391,391,141,Studios sign off on movie downloads,surprise,5,"{'anger': 0.002, 'distraction': 0.011, 'boredom': 0.021, 'disgust_loathing': 0.042, 'senerity': 0.047, 'amazement_surprise': 0.054, 'anticipation': 0.058, 'interest_vigilance': 0.06, 'joy_ecstasy': 0.119, 'admire': 0.158, 'trust': 0.161, 'acceptance': 0.308}"
392,392,142,Asif returns with four-wicket haul,joy,3,"{'distraction': 0.004, 'amazement_surprise': 0.008, 'anticipation': 0.014, 'trust': 0.053, 'boredom': 0.053, 'anger': 0.064, 'disgust_loathing': 0.084, 'admire': 0.166, 'joy_ecstasy': 0.296, 'acceptance': 0.299}"
393,393,143,"Bush authorized Iranians' arrest in Iraq, Rice says",anger,0,"{'trust': 0.003, 'joy_ecstasy': 0.009, 'senerity': 0.015, 'sadness': 0.017, 'distraction': 0.029, 'anticipation': 0.033, 'admire': 0.042, 'acceptance': 0.136, 'disgust_loathing': 0.158, 'interest_vigilance': 0.207, 'fear': 0.392}"
394,394,144,Porn ring scandal reaches Australia,disgust,1,"{'amazement_surprise': 0.002, 'joy_ecstasy': 0.007, 'senerity': 0.012, 'interest_vigilance': 0.021, 'admire': 0.026, 'distraction': 0.05, 'sadness': 0.072, 'anger': 0.118, 'boredom': 0.125, 'disgust_loathing': 0.18, 'fear': 0.428}"
395,395,145,Deputy health minister arrested in US-Iraqi raid,sadness,4,"{'anger': 0.003, 'trust': 0.011, 'sadness': 0.017, 'admire': 0.018, 'distraction': 0.02, 'boredom': 0.027, 'acceptance': 0.06, 'disgust_loathing': 0.162, 'interest_vigilance': 0.183, 'fear': 0.54}"
396,396,146,Senator Carl Krueger thinks iPods can kill you,surprise,5,"{'senerity': 0.002, 'admire': 0.002, 'interest_vigilance': 0.005, 'anticipation': 0.006, 'joy_ecstasy': 0.035, 'distraction': 0.041, 'acceptance': 0.066, 'amazement_surprise': 0.069, 'anger': 0.079, 'boredom': 0.109, 'sadness': 0.144, 'fear': 0.154, 'disgust_loathing': 0.328}"
397,397,147,"Finally, Senate okays anti-terror bill Manila",joy,3,"{'anger': 0.017, 'trust': 0.02, 'anticipation': 0.033, 'joy_ecstasy': 0.033, 'distraction': 0.046, 'disgust_loathing': 0.047, 'fear': 0.05, 'boredom': 0.072, 'admire': 0.093, 'senerity': 0.15, 'interest_vigilance': 0.176, 'acceptance': 0.304}"
398,398,148,Somalia declares state of emergency,fear,2,"{'amazement_surprise': 0.021, 'senerity': 0.047, 'trust': 0.048, 'anticipation': 0.059, 'disgust_loathing': 0.123, 'interest_vigilance': 0.219, 'fear': 0.253, 'acceptance': 0.27}"
399,399,149,Matt shines with his Alpine finish,joy,3,"{'fear': 0.013, 'distraction': 0.024, 'amazement_surprise': 0.039, 'disgust_loathing': 0.04, 'trust': 0.085, 'admire': 0.108, 'acceptance': 0.151, 'joy_ecstasy': 0.58}"
400,400,150,BP CEO Browne to step down in June,sadness,4,"{'anger': 0.002, 'joy_ecstasy': 0.022, 'distraction': 0.041, 'admire': 0.042, 'fear': 0.048, 'amazement_surprise': 0.051, 'senerity': 0.052, 'boredom': 0.09, 'anticipation': 0.101, 'sadness': 0.148, 'disgust_loathing': 0.198, 'acceptance': 0.247}"
401,401,151,An iPhone by any other name? Surely not,surprise,5,"{'sadness': 0.011, 'trust': 0.026, 'interest_vigilance': 0.034, 'admire': 0.04, 'boredom': 0.043, 'amazement_surprise': 0.047, 'fear': 0.059, 'acceptance': 0.131, 'disgust_loathing': 0.131, 'anticipation': 0.205, 'senerity': 0.313}"
402,402,152,Life in Gaza steadily worsens,sadness,4,"{'fear': 0.007, 'acceptance': 0.026, 'boredom': 0.175, 'disgust_loathing': 0.314, 'sadness': 0.519}"
403,403,153,The energy challenge | Exotic visions: how to cool a planet (maybe),surprise,5,"{'senerity': 0.038, 'trust': 0.119, 'acceptance': 0.19, 'joy_ecstasy': 0.693}"
404,404,154,"Easy ways to (really) save $400,000",joy,3,"{'distraction': 0.005, 'amazement_surprise': 0.006, 'anger': 0.028, 'disgust_loathing': 0.045, 'trust': 0.102, 'admire': 0.133, 'acceptance': 0.196, 'joy_ecstasy': 0.527}"
405,405,155,Shareholders sue Apple,anger,0,"{'anticipation': 0.041, 'admire': 0.042, 'senerity': 0.076, 'trust': 0.077, 'anger': 0.091, 'fear': 0.095, 'interest_vigilance': 0.099, 'sadness': 0.127, 'acceptance': 0.169, 'disgust_loathing': 0.225}"
406,406,156,Findings: Can humanity survive? Want to bet on it?,fear,2,"{'sadness': 0.012, 'distraction': 0.02, 'senerity': 0.024, 'anger': 0.031, 'fear': 0.033, 'admire': 0.037, 'disgust_loathing': 0.048, 'amazement_surprise': 0.054, 'boredom': 0.124, 'anticipation': 0.132, 'trust': 0.146, 'joy_ecstasy': 0.149, 'acceptance': 0.23}"
407,407,157,Iran steps up production of weapons-grade uranium,fear,2,"{'trust': 0.003, 'senerity': 0.003, 'sadness': 0.007, 'amazement_surprise': 0.034, 'admire': 0.035, 'anger': 0.037, 'distraction': 0.039, 'joy_ecstasy': 0.045, 'boredom': 0.098, 'fear': 0.1, 'interest_vigilance': 0.109, 'anticipation': 0.127, 'disgust_loathing': 0.196, 'acceptance': 0.207}"
408,408,158,Rig-threat cargo ship towed ashore,fear,2,"{'admire': 0.007, 'trust': 0.021, 'distraction': 0.039, 'anticipation': 0.058, 'acceptance': 0.104, 'disgust_loathing': 0.128, 'interest_vigilance': 0.281, 'fear': 0.402}"
409,409,159,Palestinians say clashes hurt their cause,sadness,4,"{'acceptance': 0.009, 'interest_vigilance': 0.013, 'boredom': 0.038, 'fear': 0.103, 'sadness': 0.425, 'disgust_loathing': 0.453}"
410,410,160,Male sweat can raise hormones,surprise,5,"{'admire': 0.002, 'amazement_surprise': 0.029, 'distraction': 0.029, 'senerity': 0.03, 'anticipation': 0.031, 'joy_ecstasy': 0.035, 'acceptance': 0.064, 'interest_vigilance': 0.085, 'boredom': 0.086, 'sadness': 0.111, 'anger': 0.137, 'fear': 0.163, 'disgust_loathing': 0.239}"
411,411,161,Vital Signs: Hazards: Antidepressant linked to fractures in older people,surprise,5,"{'senerity': 0.002, 'boredom': 0.024, 'distraction': 0.027, 'amazement_surprise': 0.029, 'anger': 0.04, 'acceptance': 0.069, 'fear': 0.096, 'anticipation': 0.113, 'interest_vigilance': 0.145, 'sadness': 0.171, 'disgust_loathing': 0.327}"
412,412,162,Peron held over '70s rights abuses,sadness,4,"{'joy_ecstasy': 0.008, 'interest_vigilance': 0.01, 'anticipation': 0.029, 'senerity': 0.031, 'acceptance': 0.052, 'distraction': 0.055, 'anger': 0.061, 'boredom': 0.062, 'fear': 0.202, 'sadness': 0.251, 'disgust_loathing': 0.28}"
413,413,163,Space life search turns to TV,surprise,5,"{'senerity': 0.014, 'anger': 0.02, 'trust': 0.034, 'distraction': 0.041, 'fear': 0.072, 'anticipation': 0.073, 'amazement_surprise': 0.076, 'admire': 0.082, 'boredom': 0.096, 'joy_ecstasy': 0.121, 'acceptance': 0.124, 'disgust_loathing': 0.129, 'interest_vigilance': 0.16}"
414,414,164,"Super Bowl ads of cartoonish violence, perhaps reflecting toll of war",sadness,4,"{'senerity': 0.014, 'amazement_surprise': 0.015, 'fear': 0.021, 'distraction': 0.037, 'anger': 0.046, 'admire': 0.049, 'anticipation': 0.087, 'sadness': 0.096, 'joy_ecstasy': 0.125, 'boredom': 0.13, 'acceptance': 0.177, 'disgust_loathing': 0.245}"
415,415,165,YouTube told to drop celeb sex video,surprise,5,"{'senerity': 0.004, 'interest_vigilance': 0.008, 'anticipation': 0.029, 'admire': 0.029, 'trust': 0.031, 'amazement_surprise': 0.046, 'sadness': 0.056, 'anger': 0.058, 'joy_ecstasy': 0.088, 'boredom': 0.091, 'distraction': 0.1, 'acceptance': 0.107, 'fear': 0.171, 'disgust_loathing': 0.222}"
416,416,166,Beckham and Posh and more athlete-celebrity couples,joy,3,"{'fear': 0.021, 'amazement_surprise': 0.027, 'disgust_loathing': 0.035, 'anger': 0.038, 'distraction': 0.039, 'anticipation': 0.046, 'trust': 0.056, 'boredom': 0.059, 'admire': 0.091, 'acceptance': 0.215, 'joy_ecstasy': 0.413}"
417,417,167,City sets up ice storm shelters,fear,2,"{'senerity': 0.013, 'boredom': 0.014, 'amazement_surprise': 0.024, 'sadness': 0.031, 'anticipation': 0.04, 'distraction': 0.104, 'acceptance': 0.148, 'disgust_loathing': 0.148, 'fear': 0.192, 'interest_vigilance': 0.328}"
418,418,168,Libby prosecutors await judge's rulings,sadness,4,"{'disgust_loathing': 0.022, 'distraction': 0.027, 'joy_ecstasy': 0.029, 'senerity': 0.049, 'fear': 0.078, 'admire': 0.081, 'anticipation': 0.152, 'trust': 0.168, 'interest_vigilance': 0.183, 'acceptance': 0.251}"
419,419,169,Review: 'Alpha Dog' misses the point,sadness,4,"{'anger': 0.01, 'joy_ecstasy': 0.013, 'anticipation': 0.016, 'fear': 0.033, 'distraction': 0.045, 'amazement_surprise': 0.047, 'senerity': 0.05, 'acceptance': 0.056, 'disgust_loathing': 0.162, 'sadness': 0.292, 'boredom': 0.318}"
420,420,170,Republicans plan to block Iraq debate,anger,0,"{'anticipation': 0.013, 'joy_ecstasy': 0.029, 'boredom': 0.03, 'admire': 0.047, 'interest_vigilance': 0.067, 'senerity': 0.073, 'distraction': 0.093, 'sadness': 0.1, 'acceptance': 0.163, 'fear': 0.171, 'disgust_loathing': 0.253}"
421,421,171,Mixed reaction to China's Africa push,surprise,5,"{'joy_ecstasy': 0.023, 'acceptance': 0.023, 'admire': 0.029, 'fear': 0.032, 'distraction': 0.032, 'boredom': 0.11, 'anger': 0.187, 'sadness': 0.193, 'disgust_loathing': 0.411}"
422,422,172,Snowed in the Canadian Rockies,joy,3,"{'senerity': 0.008, 'admire': 0.02, 'fear': 0.021, 'anticipation': 0.024, 'anger': 0.031, 'interest_vigilance': 0.038, 'joy_ecstasy': 0.058, 'amazement_surprise': 0.068, 'distraction': 0.106, 'acceptance': 0.11, 'sadness': 0.171, 'boredom': 0.18, 'disgust_loathing': 0.207}"
423,423,173,"Skip the showers: male sweat turns women on, study says",surprise,5,"{'anticipation': 0.033, 'amazement_surprise': 0.038, 'distraction': 0.038, 'interest_vigilance': 0.051, 'anger': 0.057, 'joy_ecstasy': 0.057, 'sadness': 0.09, 'fear': 0.101, 'acceptance': 0.107, 'boredom': 0.131, 'senerity': 0.164, 'disgust_loathing': 0.175}"
424,424,174,Gently Weeps' lyrics sheet up for sale,joy,3,"{'distraction': 0.018, 'admire': 0.021, 'fear': 0.022, 'interest_vigilance': 0.022, 'amazement_surprise': 0.028, 'disgust_loathing': 0.033, 'trust': 0.039, 'anger': 0.057, 'joy_ecstasy': 0.061, 'boredom': 0.077, 'sadness': 0.089, 'senerity': 0.091, 'anticipation': 0.182, 'acceptance': 0.301}"
425,425,175,Canete wins inaugural Joburg Open,joy,3,"{'fear': 0.016, 'sadness': 0.029, 'distraction': 0.041, 'disgust_loathing': 0.042, 'anticipation': 0.049, 'anger': 0.054, 'amazement_surprise': 0.06, 'boredom': 0.063, 'trust': 0.065, 'admire': 0.142, 'joy_ecstasy': 0.236, 'acceptance': 0.245}"
426,426,176,Rights group halts violent Nepal strikes,joy,3,"{'senerity': 0.008, 'interest_vigilance': 0.018, 'boredom': 0.02, 'anger': 0.113, 'sadness': 0.137, 'disgust_loathing': 0.285, 'fear': 0.46}"
427,427,177,Real suffer Carlos injury setback,sadness,4,"{'anger': 0.014, 'amazement_surprise': 0.03, 'anticipation': 0.032, 'fear': 0.043, 'boredom': 0.096, 'sadness': 0.353, 'disgust_loathing': 0.472}"
428,428,178,Astronaut may have buckled under stress,sadness,4,"{'senerity': 0.002, 'boredom': 0.007, 'anger': 0.013, 'acceptance': 0.03, 'anticipation': 0.037, 'interest_vigilance': 0.1, 'sadness': 0.109, 'distraction': 0.176, 'fear': 0.253, 'disgust_loathing': 0.316}"
429,429,179,Gunmen abduct Filipino woman in Nigeria,fear,2,"{'trust': 0.003, 'anticipation': 0.015, 'distraction': 0.024, 'admire': 0.03, 'acceptance': 0.083, 'interest_vigilance': 0.105, 'disgust_loathing': 0.212, 'fear': 0.568}"
430,430,180,NFL team's fan of the year: 'Flag Lady',joy,3,"{'distraction': 0.009, 'trust': 0.024, 'anger': 0.026, 'boredom': 0.047, 'acceptance': 0.196, 'admire': 0.361, 'joy_ecstasy': 0.379}"
431,431,181,No 10 rejects police state claim,surprise,5,"{'boredom': 0.007, 'senerity': 0.021, 'sadness': 0.033, 'fear': 0.043, 'interest_vigilance': 0.064, 'surprise': 0.078, 'trust': 0.082, 'distraction': 0.109, 'disgust': 0.271, 'joy': 0.333}"
432,432,182,Malaysian AirAsia X to fly in July,joy,3,"{'fear': 0.016, 'senerity': 0.02, 'anger': 0.027, 'boredom': 0.028, 'interest_vigilance': 0.028, 'distraction': 0.03, 'amazement_surprise': 0.059, 'disgust_loathing': 0.06, 'trust': 0.078, 'admire': 0.086, 'joy_ecstasy': 0.136, 'anticipation': 0.21, 'acceptance': 0.263}"
433,433,183,10 kidnapped at Nigeria oil base,fear,2,"{'anticipation': 0.003, 'boredom': 0.008, 'trust': 0.011, 'distraction': 0.015, 'disgust_loathing': 0.058, 'acceptance': 0.063, 'interest_vigilance': 0.215, 'fear': 0.669}"
434,434,184,Guy sweat is babe magnet,surprise,5,"{'senerity': 0.02, 'anticipation': 0.03, 'disgust_loathing': 0.031, 'amazement_surprise': 0.039, 'distraction': 0.039, 'sadness': 0.043, 'admire': 0.066, 'fear': 0.073, 'trust': 0.079, 'anger': 0.104, 'boredom': 0.157, 'acceptance': 0.162, 'joy_ecstasy': 0.196}"
435,435,185,Township tourism booming in South Africa,joy,3,"{'anticipation': 0.011, 'admire': 0.019, 'interest_vigilance': 0.019, 'acceptance': 0.103, 'trust': 0.111, 'joy_ecstasy': 0.778}"
436,436,186,'Alpha Dog' misses the point,surprise,5,"{'joy_ecstasy': 0.031, 'distraction': 0.046, 'interest_vigilance': 0.061, 'amazement_surprise': 0.062, 'fear': 0.063, 'sadness': 0.086, 'anticipation': 0.087, 'senerity': 0.095, 'boredom': 0.113, 'acceptance': 0.121, 'disgust_loathing': 0.277}"
437,437,187,Iran leader pays Nicaragua a visit,surprise,5,"{'senerity': 0.01, 'disgust_loathing': 0.029, 'boredom': 0.032, 'anticipation': 0.033, 'distraction': 0.036, 'anger': 0.04, 'fear': 0.045, 'sadness': 0.05, 'trust': 0.068, 'joy_ecstasy': 0.073, 'interest_vigilance': 0.078, 'admire': 0.224, 'acceptance': 0.324}"
438,438,188,"'Grey's,' 'Pirates' lead People's Choice",joy,3,"{'trust': 0.011, 'fear': 0.014, 'anticipation': 0.025, 'amazement_surprise': 0.026, 'sadness': 0.029, 'distraction': 0.038, 'anger': 0.045, 'joy_ecstasy': 0.061, 'disgust_loathing': 0.067, 'boredom': 0.081, 'interest_vigilance': 0.083, 'senerity': 0.091, 'admire': 0.207, 'acceptance': 0.262}"
439,439,189,Terror network,fear,2,"{'trust': 0.002, 'senerity': 0.015, 'distraction': 0.038, 'acceptance': 0.054, 'interest_vigilance': 0.128, 'disgust_loathing': 0.211, 'fear': 0.593}"
440,440,190,Now it's official: Iraq's a mess,sadness,4,"{'amazement_surprise': 0.022, 'joy_ecstasy': 0.031, 'admire': 0.038, 'distraction': 0.039, 'fear': 0.064, 'sadness': 0.069, 'boredom': 0.104, 'disgust_loathing': 0.118, 'senerity': 0.138, 'acceptance': 0.198, 'anger': 0.218}"
441,441,191,Snow brings travel misery to England,sadness,4,"{'acceptance': 0.001, 'anger': 0.014, 'boredom': 0.153, 'disgust_loathing': 0.362, 'sadness': 0.512}"
442,442,192,James Brown's 5-year-old son left out of will,surprise,5,"{'sadness': 0.003, 'senerity': 0.005, 'fear': 0.013, 'distraction': 0.025, 'trust': 0.032, 'admire': 0.033, 'amazement_surprise': 0.05, 'anger': 0.065, 'joy_ecstasy': 0.076, 'boredom': 0.12, 'anticipation': 0.173, 'disgust_loathing': 0.189, 'acceptance': 0.256}"
443,443,193,Two men killed by London tube train,sadness,4,"{'boredom': 0.001, 'admire': 0.006, 'acceptance': 0.017, 'trust': 0.023, 'interest_vigilance': 0.024, 'distraction': 0.028, 'anger': 0.035, 'sadness': 0.159, 'fear': 0.35, 'disgust_loathing': 0.398}"
444,444,194,US millions fail to buy influence in deadly Gaza power play,sadness,4,"{'joy_ecstasy': 0.015, 'distraction': 0.018, 'amazement_surprise': 0.031, 'boredom': 0.063, 'sadness': 0.124, 'anger': 0.144, 'fear': 0.233, 'disgust_loathing': 0.413}"
445,445,195,PLO ministers agreed upon in Mecca,joy,3,"{'fear': 0.013, 'disgust_loathing': 0.014, 'boredom': 0.02, 'distraction': 0.025, 'joy_ecstasy': 0.039, 'admire': 0.075, 'trust': 0.087, 'senerity': 0.094, 'anticipation': 0.109, 'acceptance': 0.564}"
446,446,196,Squadron apologies over 'friendly-fire' death,sadness,4,"{'sadness': 0.004, 'disgust_loathing': 0.008, 'anticipation': 0.011, 'trust': 0.024, 'fear': 0.025, 'distraction': 0.029, 'anger': 0.032, 'boredom': 0.059, 'senerity': 0.062, 'joy_ecstasy': 0.084, 'admire': 0.319, 'acceptance': 0.384}"
447,447,197,New Orleans violence sparks tourism fears,fear,2,"{'acceptance': 0.008, 'boredom': 0.016, 'anger': 0.022, 'distraction': 0.025, 'interest_vigilance': 0.098, 'sadness': 0.159, 'disgust_loathing': 0.344, 'fear': 0.369}"
448,448,198,Friendly fire pilot 'experienced',fear,2,"{'senerity': 0.016, 'anger': 0.049, 'trust': 0.146, 'joy_ecstasy': 0.269, 'acceptance': 0.274, 'admire': 0.286}"
449,449,199,SPACE.com: Black hole triplets spotted,surprise,5,"{'sadness': 0.036, 'distraction': 0.04, 'admire': 0.042, 'trust': 0.047, 'boredom': 0.058, 'fear': 0.061, 'acceptance': 0.067, 'anticipation': 0.073, 'disgust_loathing': 0.073, 'amazement_surprise': 0.096, 'interest_vigilance': 0.098, 'joy_ecstasy': 0.35}"
450,450,200,Vaccines: Mandate or choice?,surprise,5,"{'amazement_surprise': 0.005, 'admire': 0.015, 'boredom': 0.046, 'disgust_loathing': 0.047, 'trust': 0.056, 'senerity': 0.061, 'interest_vigilance': 0.113, 'fear': 0.138, 'acceptance': 0.261, 'anticipation': 0.3}"
451,451,201,"Congolese soldiers riot, loot over pay issue",anger,0,"{'distraction': 0.006, 'anger': 0.026, 'interest_vigilance': 0.033, 'boredom': 0.038, 'acceptance': 0.042, 'sadness': 0.124, 'disgust_loathing': 0.315, 'fear': 0.457}"
452,452,202,Commodities lead Europe higher,joy,3,"{'distraction': 0.002, 'anticipation': 0.033, 'interest_vigilance': 0.061, 'acceptance': 0.191, 'admire': 0.216, 'trust': 0.261, 'joy_ecstasy': 0.276}"
453,453,203,Ingredient in male sweat raises women's hormone levels,surprise,5,"{'joy_ecstasy': 0.007, 'admire': 0.011, 'trust': 0.013, 'distraction': 0.021, 'amazement_surprise': 0.03, 'boredom': 0.032, 'anticipation': 0.052, 'senerity': 0.067, 'sadness': 0.073, 'anger': 0.074, 'fear': 0.082, 'disgust_loathing': 0.131, 'interest_vigilance': 0.19, 'acceptance': 0.259}"
454,454,204,Goetschl ends Austrian win drought,joy,3,"{'senerity': 0.008, 'joy_ecstasy': 0.029, 'distraction': 0.039, 'anticipation': 0.05, 'amazement_surprise': 0.051, 'fear': 0.066, 'anger': 0.082, 'disgust_loathing': 0.129, 'acceptance': 0.161, 'boredom': 0.181, 'sadness': 0.245}"
455,455,205,Doomsday Clock ticking away,fear,2,"{'senerity': 0.005, 'trust': 0.009, 'admire': 0.014, 'sadness': 0.033, 'fear': 0.047, 'distraction': 0.062, 'joy_ecstasy': 0.068, 'amazement_surprise': 0.072, 'acceptance': 0.079, 'boredom': 0.108, 'interest_vigilance': 0.132, 'disgust_loathing': 0.201, 'anticipation': 0.212}"
456,456,206,Troops massing around Somali town,fear,2,"{'senerity': 0.001, 'sadness': 0.004, 'anticipation': 0.01, 'distraction': 0.016, 'boredom': 0.018, 'acceptance': 0.09, 'interest_vigilance': 0.18, 'disgust_loathing': 0.286, 'fear': 0.437}"
457,457,207,Tariq Ramadan has an identity issue,surprise,5,"{'anger': 0.015, 'senerity': 0.021, 'sadness': 0.023, 'interest_vigilance': 0.025, 'distraction': 0.028, 'amazement_surprise': 0.033, 'admire': 0.037, 'joy_ecstasy': 0.038, 'boredom': 0.095, 'fear': 0.144, 'anticipation': 0.172, 'acceptance': 0.2, 'disgust_loathing': 0.211}"
458,458,208,Peretz orders IDF to respond with force to north border attacks,anger,0,"{'senerity': 0.02, 'joy_ecstasy': 0.024, 'anticipation': 0.026, 'distraction': 0.034, 'sadness': 0.046, 'acceptance': 0.1, 'interest_vigilance': 0.105, 'disgust_loathing': 0.327, 'fear': 0.358}"
459,459,209,Trains crash near Thai resort town,sadness,4,"{'trust': 0.002, 'anger': 0.004, 'amazement_surprise': 0.007, 'boredom': 0.052, 'sadness': 0.074, 'anticipation': 0.075, 'distraction': 0.099, 'acceptance': 0.101, 'disgust_loathing': 0.149, 'interest_vigilance': 0.176, 'fear': 0.301}"
460,460,210,"Hamas, Fatah return to unity gov't talks in Mecca",joy,3,"{'anger': 0.027, 'amazement_surprise': 0.027, 'fear': 0.038, 'distraction': 0.039, 'disgust_loathing': 0.047, 'anticipation': 0.071, 'senerity': 0.072, 'boredom': 0.073, 'admire': 0.078, 'joy_ecstasy': 0.08, 'trust': 0.093, 'acceptance': 0.397}"
461,461,211,Pats' fourth-quarter rally finishes Chargers,joy,3,"{'sadness': 0.011, 'trust': 0.018, 'fear': 0.029, 'distraction': 0.033, 'senerity': 0.035, 'anger': 0.036, 'anticipation': 0.04, 'interest_vigilance': 0.046, 'amazement_surprise': 0.065, 'boredom': 0.088, 'admire': 0.103, 'disgust_loathing': 0.136, 'acceptance': 0.177, 'joy_ecstasy': 0.223}"
462,462,212,7 Die As US Helicopter Crashes in Iraq,sadness,4,"{'amazement_surprise': 0.014, 'joy_ecstasy': 0.016, 'admire': 0.02, 'boredom': 0.025, 'anticipation': 0.029, 'anger': 0.035, 'distraction': 0.055, 'interest_vigilance': 0.064, 'sadness': 0.091, 'acceptance': 0.1, 'fear': 0.261, 'disgust_loathing': 0.331}"
463,463,213,Millionaire secret Santa dies,sadness,4,"{'fear': 0.017, 'anticipation': 0.018, 'amazement_surprise': 0.026, 'admire': 0.034, 'distraction': 0.041, 'interest_vigilance': 0.045, 'anger': 0.05, 'senerity': 0.054, 'boredom': 0.058, 'disgust_loathing': 0.076, 'trust': 0.086, 'acceptance': 0.096, 'sadness': 0.109, 'joy_ecstasy': 0.331}"
464,464,214,Morrissey may cheer up Eurovision,joy,3,"{'anticipation': 0.045, 'trust': 0.09, 'admire': 0.18, 'acceptance': 0.18, 'joy_ecstasy': 0.546}"
465,465,215,Christian values guide Dungy and the Colts,joy,3,"{'anger': 0.051, 'trust': 0.148, 'joy_ecstasy': 0.268, 'acceptance': 0.281, 'admire': 0.293}"
466,466,216,Israeli woman's tirade spurs PM outrage,anger,0,"{'amazement_surprise': 0.003, 'joy_ecstasy': 0.008, 'senerity': 0.009, 'interest_vigilance': 0.01, 'anticipation': 0.014, 'distraction': 0.016, 'boredom': 0.041, 'acceptance': 0.059, 'sadness': 0.136, 'anger': 0.166, 'fear': 0.233, 'disgust_loathing': 0.346}"
467,467,217,Passing exchange becomes political flashpoint,anger,0,"{'anger': 0.005, 'interest_vigilance': 0.011, 'senerity': 0.013, 'joy_ecstasy': 0.036, 'admire': 0.037, 'distraction': 0.04, 'sadness': 0.049, 'amazement_surprise': 0.053, 'anticipation': 0.094, 'fear': 0.104, 'boredom': 0.144, 'acceptance': 0.2, 'disgust_loathing': 0.256}"
468,468,218,Police probe 2 church fires half mile apart,sadness,4,"{'admire': 0.009, 'senerity': 0.011, 'sadness': 0.017, 'boredom': 0.02, 'acceptance': 0.027, 'distraction': 0.035, 'disgust_loathing': 0.132, 'interest_vigilance': 0.287, 'fear': 0.504}"
469,469,219,Italy to try US soldier for agent's Iraq death,anger,0,"{'interest_vigilance': 0.002, 'trust': 0.003, 'distraction': 0.007, 'acceptance': 0.02, 'admire': 0.024, 'boredom': 0.063, 'sadness': 0.101, 'anger': 0.132, 'fear': 0.299, 'disgust_loathing': 0.39}"
470,470,220,Depp to star in spy poisoning film,joy,3,"{'joy_ecstasy': 0.012, 'amazement_surprise': 0.023, 'anger': 0.024, 'acceptance': 0.039, 'admire': 0.041, 'sadness': 0.076, 'boredom': 0.079, 'interest_vigilance': 0.101, 'distraction': 0.134, 'fear': 0.246, 'disgust_loathing': 0.265}"
471,471,221,'24's' Jack Bauer returns,joy,3,"{'anticipation': 0.011, 'trust': 0.024, 'sadness': 0.034, 'interest_vigilance': 0.035, 'distraction': 0.041, 'amazement_surprise': 0.047, 'anger': 0.049, 'joy_ecstasy': 0.054, 'fear': 0.076, 'boredom': 0.096, 'disgust_loathing': 0.153, 'senerity': 0.192, 'acceptance': 0.228}"
472,472,222,US Airways boosts bid for Delta,surprise,5,"{'amazement_surprise': 0.002, 'fear': 0.023, 'anger': 0.029, 'interest_vigilance': 0.037, 'distraction': 0.039, 'admire': 0.049, 'boredom': 0.082, 'trust': 0.092, 'anticipation': 0.1, 'disgust_loathing': 0.116, 'joy_ecstasy': 0.223, 'acceptance': 0.249}"
473,473,223,"Even before its release, world climate report is criticized as too optimistic",fear,2,"{'admire': 0.011, 'disgust_loathing': 0.011, 'distraction': 0.039, 'anger': 0.047, 'boredom': 0.047, 'amazement_surprise': 0.058, 'interest_vigilance': 0.067, 'sadness': 0.08, 'trust': 0.09, 'acceptance': 0.126, 'joy_ecstasy': 0.127, 'anticipation': 0.339}"
474,474,224,"Second hanging also went awry, Iraq tape shows",sadness,4,"{'joy_ecstasy': 0.002, 'anger': 0.005, 'trust': 0.01, 'sadness': 0.011, 'anticipation': 0.028, 'distraction': 0.028, 'amazement_surprise': 0.031, 'admire': 0.041, 'boredom': 0.048, 'interest_vigilance': 0.078, 'acceptance': 0.112, 'disgust_loathing': 0.218, 'fear': 0.43}"
475,475,225,Howell takes one shot lead in Sony Open,joy,3,"{'fear': 0.024, 'amazement_surprise': 0.028, 'interest_vigilance': 0.033, 'boredom': 0.04, 'anticipation': 0.042, 'anger': 0.045, 'senerity': 0.083, 'disgust_loathing': 0.098, 'joy_ecstasy': 0.103, 'trust': 0.104, 'admire': 0.141, 'acceptance': 0.3}"
476,476,226,Psych checks reviewed after astronaut's crack-up,sadness,4,"{'senerity': 0.02, 'distraction': 0.022, 'joy_ecstasy': 0.029, 'anger': 0.03, 'admire': 0.036, 'amazement_surprise': 0.038, 'boredom': 0.038, 'trust': 0.044, 'fear': 0.085, 'disgust_loathing': 0.091, 'anticipation': 0.1, 'acceptance': 0.173, 'interest_vigilance': 0.336}"
477,477,227,"Pap Test, a mainstay against cervical cancer, may be fading",surprise,5,"{'joy_ecstasy': 0.013, 'admire': 0.016, 'fear': 0.017, 'distraction': 0.038, 'amazement_surprise': 0.044, 'anger': 0.051, 'acceptance': 0.095, 'boredom': 0.105, 'interest_vigilance': 0.118, 'anticipation': 0.144, 'sadness': 0.181, 'disgust_loathing': 0.218}"
478,478,228,Martins leads Newcastle fightback,joy,3,"{'anticipation': 0.003, 'amazement_surprise': 0.004, 'trust': 0.016, 'interest_vigilance': 0.027, 'distraction': 0.039, 'senerity': 0.046, 'fear': 0.063, 'joy_ecstasy': 0.067, 'boredom': 0.069, 'anger': 0.078, 'sadness': 0.091, 'admire': 0.138, 'disgust_loathing': 0.198, 'acceptance': 0.202}"
479,479,229,PS3 pricey but impressive,joy,3,"{'anger': 0.046, 'trust': 0.046, 'disgust_loathing': 0.05, 'amazement_surprise': 0.073, 'admire': 0.09, 'acceptance': 0.174, 'joy_ecstasy': 0.563}"
480,480,230,Pluto's revenge: 'Word of the Year' award,joy,3,"{'fear': 0.004, 'senerity': 0.011, 'sadness': 0.014, 'distraction': 0.039, 'admire': 0.062, 'joy_ecstasy': 0.073, 'acceptance': 0.091, 'boredom': 0.131, 'disgust_loathing': 0.139, 'anger': 0.476}"
481,481,231,European Space Agency,joy,3,"{'fear': 0.006, 'boredom': 0.007, 'disgust_loathing': 0.035, 'anticipation': 0.058, 'trust': 0.121, 'interest_vigilance': 0.136, 'acceptance': 0.188, 'joy_ecstasy': 0.219, 'admire': 0.273}"
482,482,232,Hackers strike at key Internet servers,anger,0,"{'distraction': 0.021, 'anger': 0.036, 'boredom': 0.044, 'interest_vigilance': 0.047, 'sadness': 0.055, 'disgust_loathing': 0.286, 'fear': 0.553}"
483,483,233,Hussein co-defendants executed,sadness,4,"{'boredom': 0.011, 'senerity': 0.014, 'interest_vigilance': 0.019, 'sadness': 0.024, 'distraction': 0.029, 'acceptance': 0.033, 'trust': 0.039, 'anger': 0.064, 'disgust_loathing': 0.304, 'fear': 0.506}"
484,484,234,Memo from Frankfurt: Germany relives 1970s terror as 2 seek release from jail,fear,2,"{'interest_vigilance': 0.015, 'amazement_surprise': 0.024, 'anger': 0.027, 'admire': 0.029, 'distraction': 0.051, 'sadness': 0.06, 'senerity': 0.061, 'joy_ecstasy': 0.096, 'anticipation': 0.099, 'fear': 0.101, 'disgust_loathing': 0.128, 'acceptance': 0.174, 'boredom': 0.175}"
485,485,235,Blissing out in Ojai,joy,3,"{'anticipation': 0.012, 'senerity': 0.017, 'trust': 0.029, 'anger': 0.036, 'boredom': 0.042, 'acceptance': 0.168, 'joy_ecstasy': 0.736}"
486,486,236,"Houston, she's got some problems",sadness,4,"{'admire': 0.013, 'interest_vigilance': 0.019, 'anger': 0.021, 'amazement_surprise': 0.023, 'joy_ecstasy': 0.033, 'distraction': 0.041, 'disgust_loathing': 0.082, 'fear': 0.094, 'acceptance': 0.157, 'boredom': 0.167, 'senerity': 0.189, 'sadness': 0.202}"
487,487,237,Amazon.com has 'best ever' sales,joy,3,"{'anger': 0.02, 'disgust_loathing': 0.036, 'trust': 0.071, 'acceptance': 0.158, 'admire': 0.16, 'joy_ecstasy': 0.596}"
488,488,238,Hackers attack root servers,anger,0,"{'acceptance': 0.011, 'anger': 0.02, 'boredom': 0.035, 'distraction': 0.053, 'interest_vigilance': 0.06, 'sadness': 0.075, 'disgust_loathing': 0.266, 'fear': 0.522}"
489,489,239,Video games can improve your vision,surprise,5,"{'fear': 0.001, 'boredom': 0.002, 'senerity': 0.007, 'disgust_loathing': 0.02, 'anticipation': 0.035, 'interest_vigilance': 0.037, 'trust': 0.116, 'admire': 0.14, 'acceptance': 0.17, 'joy_ecstasy': 0.513}"
490,490,240,Internet attacked! (Did anyone notice?),surprise,5,"{'sadness': 0.016, 'boredom': 0.025, 'distraction': 0.055, 'disgust_loathing': 0.186, 'interest_vigilance': 0.215, 'fear': 0.544}"
491,491,241,"In Washington, contractors take on biggest role ever",surprise,5,"{'anger': 0.031, 'anticipation': 0.035, 'distraction': 0.042, 'fear': 0.047, 'senerity': 0.062, 'interest_vigilance': 0.074, 'disgust_loathing': 0.075, 'admire': 0.08, 'trust': 0.081, 'amazement_surprise': 0.098, 'boredom': 0.11, 'acceptance': 0.127, 'joy_ecstasy': 0.177}"
492,492,242,Floods force Malaysia evacuations,sadness,4,"{'senerity': 0.002, 'acceptance': 0.011, 'anticipation': 0.016, 'anger': 0.027, 'boredom': 0.033, 'distraction': 0.07, 'interest_vigilance': 0.125, 'fear': 0.158, 'sadness': 0.264, 'disgust_loathing': 0.335}"
493,493,243,"On MySpace, girls seek friends, boys flirt",surprise,5,"{'amazement_surprise': 0.004, 'trust': 0.012, 'senerity': 0.025, 'interest_vigilance': 0.042, 'distraction': 0.057, 'admire': 0.059, 'disgust_loathing': 0.07, 'anticipation': 0.071, 'fear': 0.085, 'sadness': 0.088, 'boredom': 0.095, 'acceptance': 0.123, 'anger': 0.13, 'joy_ecstasy': 0.179}"
494,494,244,Tests of drug to block H.I.V. infection are halted over safety,fear,2,"{'anticipation': 0.002, 'senerity': 0.016, 'amazement_surprise': 0.019, 'distraction': 0.02, 'boredom': 0.033, 'sadness': 0.069, 'disgust_loathing': 0.113, 'acceptance': 0.121, 'fear': 0.282, 'interest_vigilance': 0.367}"
495,495,245,Zoo polar bear to have root canal,sadness,4,"{'distraction': 0.005, 'amazement_surprise': 0.016, 'senerity': 0.026, 'trust': 0.038, 'fear': 0.04, 'admire': 0.042, 'anticipation': 0.053, 'interest_vigilance': 0.057, 'anger': 0.105, 'joy_ecstasy': 0.107, 'acceptance': 0.171, 'disgust_loathing': 0.186, 'boredom': 0.193}"
496,496,246,Europe take big Royal Trophy lead,joy,3,"{'amazement_surprise': 0.015, 'fear': 0.024, 'disgust_loathing': 0.025, 'senerity': 0.029, 'distraction': 0.031, 'anger': 0.039, 'boredom': 0.051, 'trust': 0.096, 'admire': 0.195, 'acceptance': 0.237, 'joy_ecstasy': 0.298}"
497,497,247,Israel to install cameras to show live Mughrabi footage,joy,3,"{'senerity': 0.001, 'anger': 0.005, 'amazement_surprise': 0.014, 'admire': 0.015, 'sadness': 0.02, 'joy_ecstasy': 0.029, 'interest_vigilance': 0.033, 'distraction': 0.034, 'boredom': 0.035, 'acceptance': 0.088, 'disgust_loathing': 0.305, 'fear': 0.46}"
498,498,248,'We lit our last candle yesterday',sadness,4,"{'interest_vigilance': 0.011, 'disgust_loathing': 0.012, 'anger': 0.016, 'amazement_surprise': 0.033, 'sadness': 0.038, 'distraction': 0.041, 'anticipation': 0.055, 'boredom': 0.086, 'admire': 0.117, 'senerity': 0.188, 'joy_ecstasy': 0.191, 'acceptance': 0.253}"
499,499,249,Google buys YouTube for $1.65bn,surprise,5,"{'sadness': 0.007, 'boredom': 0.012, 'distraction': 0.038, 'anticipation': 0.042, 'amazement_surprise': 0.047, 'interest_vigilance': 0.065, 'disgust_loathing': 0.069, 'admire': 0.18, 'joy_ecstasy': 0.193, 'acceptance': 0.193, 'trust': 0.195}"
500,500,250,PSP number one Sony platform in Japan,joy,3,"{'fear': 0.01, 'interest_vigilance': 0.028, 'distraction': 0.039, 'anticipation': 0.043, 'amazement_surprise': 0.052, 'boredom': 0.056, 'anger': 0.057, 'trust': 0.057, 'disgust_loathing': 0.101, 'admire': 0.129, 'acceptance': 0.171, 'joy_ecstasy': 0.297}"
501,501,251,England include Giles in WC squad,joy,3,"{'distraction': 0.01, 'trust': 0.016, 'amazement_surprise': 0.017, 'fear': 0.02, 'joy_ecstasy': 0.022, 'disgust_loathing': 0.026, 'senerity': 0.064, 'anger': 0.067, 'boredom': 0.077, 'anticipation': 0.12, 'interest_vigilance': 0.133, 'admire': 0.197, 'acceptance': 0.273}"
502,502,252,Beckham 'won't play again for Real',sadness,4,"{'admire': 0.012, 'joy_ecstasy': 0.031, 'anger': 0.033, 'trust': 0.034, 'distraction': 0.037, 'sadness': 0.038, 'boredom': 0.043, 'fear': 0.055, 'amazement_surprise': 0.066, 'anticipation': 0.075, 'disgust_loathing': 0.103, 'senerity': 0.211, 'acceptance': 0.302}"
503,503,253,Eight years for Damilola killers,sadness,4,"{'boredom': 0.047, 'sadness': 0.077, 'fear': 0.242, 'anger': 0.25, 'disgust_loathing': 0.425}"
504,504,254,PC World editor slain at California home,sadness,4,"{'acceptance': 0.006, 'trust': 0.025, 'boredom': 0.028, 'sadness': 0.055, 'anger': 0.154, 'disgust_loathing': 0.382, 'fear': 0.391}"
505,505,255,Hands on 'Doomsday Clock' move forward,fear,2,"{'senerity': 0.008, 'admire': 0.018, 'interest_vigilance': 0.042, 'joy_ecstasy': 0.043, 'boredom': 0.059, 'distraction': 0.06, 'sadness': 0.062, 'amazement_surprise': 0.068, 'fear': 0.075, 'acceptance': 0.131, 'anticipation': 0.172, 'disgust_loathing': 0.302}"
506,506,256,Zach Braff says he has 'mild depression',sadness,4,"{'interest_vigilance': 0.025, 'fear': 0.033, 'joy_ecstasy': 0.034, 'amazement_surprise': 0.036, 'anger': 0.041, 'distraction': 0.042, 'senerity': 0.058, 'disgust_loathing': 0.06, 'anticipation': 0.067, 'acceptance': 0.104, 'boredom': 0.205, 'sadness': 0.335}"
507,507,257,Investigation of child porn site hits 77 nations USA Today,disgust,1,"{'joy_ecstasy': 0.003, 'distraction': 0.024, 'admire': 0.033, 'amazement_surprise': 0.037, 'boredom': 0.063, 'sadness': 0.142, 'anger': 0.144, 'fear': 0.276, 'disgust_loathing': 0.318}"
508,508,258,Science panel calls global warming unequivocal,fear,2,"{'senerity': 0.016, 'amazement_surprise': 0.02, 'trust': 0.022, 'distraction': 0.039, 'anger': 0.05, 'fear': 0.052, 'admire': 0.054, 'joy_ecstasy': 0.071, 'boredom': 0.131, 'disgust_loathing': 0.135, 'anticipation': 0.159, 'acceptance': 0.292}"
509,509,259,News Baby pandas! Baby pandas! Baby pandas!,joy,3,"{'senerity': 0.001, 'disgust_loathing': 0.009, 'anticipation': 0.024, 'admire': 0.024, 'anger': 0.046, 'trust': 0.047, 'acceptance': 0.049, 'distraction': 0.057, 'interest_vigilance': 0.064, 'fear': 0.069, 'boredom': 0.096, 'amazement_surprise': 0.136, 'joy_ecstasy': 0.42}"
510,510,260,Get ready for the earnings,joy,3,"{'anticipation': 0.023, 'interest_vigilance': 0.028, 'trust': 0.154, 'admire': 0.182, 'acceptance': 0.194, 'joy_ecstasy': 0.46}"
511,511,261,Germany agonizes over a brain drain,sadness,4,"{'acceptance': 0.003, 'fear': 0.015, 'anger': 0.085, 'boredom': 0.132, 'disgust_loathing': 0.393, 'sadness': 0.413}"
512,512,262,Iran and Nicaraguan leaders meet,joy,3,"{'senerity': 0.024, 'interest_vigilance': 0.026, 'sadness': 0.033, 'admire': 0.034, 'distraction': 0.037, 'joy_ecstasy': 0.038, 'anticipation': 0.043, 'boredom': 0.047, 'acceptance': 0.219, 'fear': 0.247, 'disgust_loathing': 0.293}"
513,513,263,Secret hotels in Irish countryside,surprise,5,"{'joy_ecstasy': 0.002, 'boredom': 0.002, 'acceptance': 0.022, 'admire': 0.032, 'disgust_loathing': 0.058, 'senerity': 0.073, 'distraction': 0.103, 'interest_vigilance': 0.134, 'fear': 0.616}"
514,514,264,Fine wines in British Columbia,joy,3,"{'disgust_loathing': 0.011, 'senerity': 0.033, 'anger': 0.034, 'trust': 0.077, 'acceptance': 0.131, 'admire': 0.291, 'joy_ecstasy': 0.463}"
515,515,265,Philippine president welcomes Senate approval of anti-terror bill ,joy,3,"{'fear': 0.024, 'anger': 0.03, 'distraction': 0.039, 'boredom': 0.045, 'trust': 0.053, 'anticipation': 0.06, 'interest_vigilance': 0.064, 'disgust_loathing': 0.092, 'joy_ecstasy': 0.118, 'admire': 0.186, 'acceptance': 0.33}"
516,516,266,"Small jet crashes on takeoff, killing 2",sadness,4,"{'joy_ecstasy': 0.016, 'anticipation': 0.021, 'anger': 0.043, 'acceptance': 0.064, 'interest_vigilance': 0.079, 'distraction': 0.111, 'sadness': 0.131, 'fear': 0.207, 'disgust_loathing': 0.369}"
517,517,267,"Bigger, more aggressive rats infesting UK",fear,2,"{'distraction': 0.01, 'interest_vigilance': 0.016, 'sadness': 0.093, 'anger': 0.247, 'disgust_loathing': 0.266, 'fear': 0.409}"
518,518,268,Travel+Leisure: Next island hot spot: St. Lucia,joy,3,"{'senerity': 0.004, 'interest_vigilance': 0.016, 'sadness': 0.026, 'trust': 0.031, 'amazement_surprise': 0.033, 'distraction': 0.047, 'fear': 0.056, 'anger': 0.064, 'boredom': 0.095, 'admire': 0.104, 'acceptance': 0.125, 'joy_ecstasy': 0.438}"
519,519,269,Real Mallorca rock leaders Sevilla,joy,3,"{'fear': 0.006, 'senerity': 0.011, 'distraction': 0.031, 'amazement_surprise': 0.033, 'interest_vigilance': 0.033, 'anger': 0.039, 'boredom': 0.053, 'trust': 0.059, 'anticipation': 0.063, 'disgust_loathing': 0.084, 'admire': 0.126, 'joy_ecstasy': 0.245, 'acceptance': 0.258}"
520,520,270,Iran's boast on uranium enrichment is put to test,fear,2,"{'trust': 0.011, 'fear': 0.016, 'sadness': 0.033, 'admire': 0.033, 'distraction': 0.061, 'amazement_surprise': 0.067, 'anticipation': 0.108, 'boredom': 0.108, 'joy_ecstasy': 0.109, 'anger': 0.123, 'acceptance': 0.141, 'disgust_loathing': 0.231}"
521,521,271,"Personal health: for teenagers, the car is the danger zone",fear,2,"{'sadness': 0.028, 'senerity': 0.038, 'distraction': 0.052, 'anticipation': 0.078, 'disgust_loathing': 0.133, 'interest_vigilance': 0.291, 'fear': 0.422}"
522,522,272,Bird watchers flock to see rare owl,joy,3,"{'distraction': 0.021, 'admire': 0.022, 'sadness': 0.023, 'senerity': 0.023, 'disgust_loathing': 0.035, 'fear': 0.041, 'amazement_surprise': 0.06, 'anger': 0.08, 'boredom': 0.093, 'interest_vigilance': 0.186, 'joy_ecstasy': 0.456}"
523,523,273,Eye on cosmos is lost to short circuit on hubble,sadness,4,"{'admire': 0.016, 'amazement_surprise': 0.017, 'joy_ecstasy': 0.022, 'acceptance': 0.027, 'senerity': 0.028, 'distraction': 0.083, 'disgust_loathing': 0.115, 'sadness': 0.195, 'boredom': 0.538}"
524,524,274,Too young for this: facing cancer under 40,sadness,4,"{'joy_ecstasy': 0.018, 'anger': 0.028, 'distraction': 0.036, 'boredom': 0.041, 'acceptance': 0.044, 'amazement_surprise': 0.073, 'fear': 0.096, 'sadness': 0.126, 'interest_vigilance': 0.167, 'anticipation': 0.203, 'disgust_loathing': 0.211}"
525,525,275,Unilever group names new chairman,joy,3,"{'senerity': 0.018, 'interest_vigilance': 0.028, 'anger': 0.032, 'fear': 0.037, 'distraction': 0.041, 'admire': 0.044, 'trust': 0.056, 'amazement_surprise': 0.058, 'joy_ecstasy': 0.084, 'boredom': 0.098, 'anticipation': 0.12, 'disgust_loathing': 0.133, 'acceptance': 0.293}"
526,526,276,Minister slams airlines on carbon,anger,0,"{'anticipation': 0.017, 'anger': 0.025, 'boredom': 0.029, 'admire': 0.033, 'senerity': 0.073, 'distraction': 0.082, 'disgust_loathing': 0.091, 'sadness': 0.115, 'interest_vigilance': 0.126, 'acceptance': 0.209, 'fear': 0.241}"
527,527,277,Rare optimism as North Korea talks reach crossroads,joy,3,"{'interest_vigilance': 0.004, 'distraction': 0.022, 'anger': 0.023, 'senerity': 0.026, 'trust': 0.182, 'joy_ecstasy': 0.2, 'anticipation': 0.221, 'acceptance': 0.362}"
528,528,278,Man beheaded in southern Thailand,sadness,4,"{'senerity': 0.007, 'distraction': 0.007, 'trust': 0.029, 'acceptance': 0.039, 'boredom': 0.044, 'anger': 0.217, 'disgust_loathing': 0.24, 'fear': 0.457}"
529,529,279,China's 'nightmare scenario',fear,2,"{'joy_ecstasy': 0.014, 'amazement_surprise': 0.031, 'acceptance': 0.033, 'distraction': 0.09, 'boredom': 0.122, 'sadness': 0.15, 'fear': 0.153, 'disgust_loathing': 0.211, 'anticipation': 0.235}"
530,530,280,Annual diving contest in South Korea proves a chilly challenge,surprise,5,"{'admire': 0.004, 'amazement_surprise': 0.018, 'joy_ecstasy': 0.025, 'anger': 0.042, 'distraction': 0.053, 'senerity': 0.06, 'sadness': 0.073, 'interest_vigilance': 0.091, 'acceptance': 0.106, 'anticipation': 0.118, 'disgust_loathing': 0.133, 'fear': 0.158, 'boredom': 0.16}"
531,531,281,Blair says he regrets delays in British soldier's inquest,sadness,4,"{'amazement_surprise': 0.006, 'joy_ecstasy': 0.016, 'anticipation': 0.023, 'anger': 0.038, 'admire': 0.038, 'distraction': 0.041, 'fear': 0.056, 'disgust_loathing': 0.087, 'boredom': 0.109, 'senerity': 0.139, 'acceptance': 0.155, 'sadness': 0.334}"
532,532,282,Iraqi forces detain official suspected in Shia conspiracy,fear,2,"{'distraction': 0.012, 'trust': 0.02, 'anticipation': 0.021, 'sadness': 0.022, 'admire': 0.032, 'acceptance': 0.052, 'interest_vigilance': 0.094, 'disgust_loathing': 0.219, 'fear': 0.569}"
533,533,283,Wellcome awards anti-fat research,joy,3,"{'senerity': 0.003, 'distraction': 0.039, 'boredom': 0.042, 'anticipation': 0.053, 'interest_vigilance': 0.06, 'trust': 0.067, 'joy_ecstasy': 0.087, 'anger': 0.091, 'sadness': 0.098, 'disgust_loathing': 0.1, 'acceptance': 0.13, 'admire': 0.271}"
534,534,284,Fingers crossed for North Korea,joy,3,"{'trust': 0.032, 'joy_ecstasy': 0.039, 'admire': 0.039, 'senerity': 0.042, 'anger': 0.043, 'boredom': 0.053, 'anticipation': 0.061, 'interest_vigilance': 0.063, 'disgust_loathing': 0.09, 'fear': 0.197, 'acceptance': 0.382}"
535,535,285,"No intention of war with Iran, US says",joy,3,"{'anticipation': 0.004, 'boredom': 0.006, 'senerity': 0.023, 'surprise': 0.033, 'sadness': 0.038, 'interest_vigilance': 0.045, 'distraction': 0.069, 'trust': 0.117, 'disgust': 0.238, 'joy': 0.468}"
536,536,286,What Newsom faces in aftermath of scandal,fear,2,"{'anticipation': 0.016, 'interest_vigilance': 0.03, 'admire': 0.039, 'distraction': 0.04, 'amazement_surprise': 0.047, 'boredom': 0.153, 'fear': 0.16, 'disgust_loathing': 0.252, 'sadness': 0.304}"
537,537,287,Maggie Gyllenhaal's Globes babysitter: Mom,joy,3,"{'senerity': 0.002, 'admire': 0.007, 'interest_vigilance': 0.02, 'trust': 0.022, 'sadness': 0.039, 'fear': 0.05, 'distraction': 0.051, 'amazement_surprise': 0.056, 'anger': 0.069, 'joy_ecstasy': 0.092, 'disgust_loathing': 0.121, 'boredom': 0.126, 'anticipation': 0.128, 'acceptance': 0.26}"
538,538,288,"As inflation soars, Zimbabwe economy plunges",sadness,4,"{'senerity': 0.005, 'amazement_surprise': 0.025, 'joy_ecstasy': 0.03, 'anticipation': 0.034, 'interest_vigilance': 0.042, 'acceptance': 0.047, 'fear': 0.054, 'distraction': 0.069, 'boredom': 0.155, 'disgust_loathing': 0.183, 'sadness': 0.396}"
539,539,289,Pledge: I was abused in frat hazing,disgust,1,"{'acceptance': 0.026, 'fear': 0.034, 'boredom': 0.167, 'disgust_loathing': 0.404, 'sadness': 0.41}"
540,540,290,Experts: Fear likely shackled boy,fear,2,"{'boredom': 0.002, 'sadness': 0.024, 'distraction': 0.036, 'disgust_loathing': 0.073, 'anticipation': 0.15, 'interest_vigilance': 0.215, 'fear': 0.54}"
541,541,291,What's behind the chopper crashes in Iraq,fear,2,"{'acceptance': 0.007, 'anger': 0.015, 'amazement_surprise': 0.016, 'boredom': 0.017, 'anticipation': 0.032, 'distraction': 0.064, 'interest_vigilance': 0.083, 'sadness': 0.123, 'fear': 0.334, 'disgust_loathing': 0.349}"
542,542,292,"Freed Muslim terror suspect says Britain is ""police state""",fear,2,"{'distraction': 0.002, 'boredom': 0.024, 'admire': 0.035, 'anticipation': 0.038, 'trust': 0.038, 'senerity': 0.113, 'disgust_loathing': 0.113, 'interest_vigilance': 0.207, 'acceptance': 0.209, 'fear': 0.261}"
543,543,293,Blair apologises over friendly fire inquest,sadness,4,"{'fear': 0.007, 'senerity': 0.015, 'trust': 0.016, 'boredom': 0.019, 'distraction': 0.025, 'anger': 0.028, 'joy_ecstasy': 0.09, 'acceptance': 0.352, 'admire': 0.49}"
544,544,294,Depp 'to make Litvinenko movie',joy,3,"{'interest_vigilance': 0.013, 'sadness': 0.014, 'fear': 0.035, 'anger': 0.038, 'distraction': 0.041, 'amazement_surprise': 0.064, 'admire': 0.087, 'trust': 0.091, 'anticipation': 0.096, 'joy_ecstasy': 0.118, 'boredom': 0.122, 'disgust_loathing': 0.122, 'acceptance': 0.2}"
545,545,295,Why gas follows oil up but not down,surprise,5,"{'distraction': 0.02, 'anger': 0.021, 'joy_ecstasy': 0.031, 'trust': 0.034, 'sadness': 0.04, 'admire': 0.04, 'senerity': 0.069, 'amazement_surprise': 0.077, 'interest_vigilance': 0.084, 'fear': 0.094, 'acceptance': 0.1, 'boredom': 0.127, 'anticipation': 0.148, 'disgust_loathing': 0.157}"
546,546,296,"'Cravings' still there, sez Tara",joy,3,"{'distraction': 0.007, 'sadness': 0.025, 'amazement_surprise': 0.042, 'trust': 0.056, 'anger': 0.061, 'boredom': 0.089, 'acceptance': 0.213, 'anticipation': 0.255, 'joy_ecstasy': 0.294}"
547,547,297,Bill would strip convicted legislators of pensions,sadness,4,"{'senerity': 0.007, 'admire': 0.011, 'anticipation': 0.032, 'anger': 0.038, 'trust': 0.039, 'boredom': 0.042, 'interest_vigilance': 0.044, 'sadness': 0.064, 'distraction': 0.079, 'disgust_loathing': 0.224, 'acceptance': 0.229, 'fear': 0.232}"
548,548,298,Bears watch as lead slips away,sadness,4,"{'joy_ecstasy': 0.001, 'anger': 0.015, 'anticipation': 0.029, 'amazement_surprise': 0.03, 'sadness': 0.039, 'distraction': 0.058, 'boredom': 0.064, 'senerity': 0.1, 'acceptance': 0.1, 'fear': 0.137, 'disgust_loathing': 0.172, 'interest_vigilance': 0.295}"
549,549,299,"In clue to addiction, brain injury halts smoking",surprise,5,"{'anger': 0.003, 'acceptance': 0.008, 'distraction': 0.026, 'amazement_surprise': 0.033, 'interest_vigilance': 0.039, 'boredom': 0.115, 'fear': 0.137, 'sadness': 0.326, 'disgust_loathing': 0.353}"
550,550,300,"In rigorous test, talk therapy works for panic disorder",joy,3,"{'sadness': 0.011, 'senerity': 0.011, 'distraction': 0.022, 'amazement_surprise': 0.024, 'joy_ecstasy': 0.04, 'trust': 0.048, 'acceptance': 0.066, 'disgust_loathing': 0.075, 'fear': 0.188, 'anticipation': 0.212, 'interest_vigilance': 0.344}"
551,551,301,Rice: U.S. won't pull plug on Iraq,joy,3,"{'joy_ecstasy': 0.024, 'anger': 0.032, 'distraction': 0.041, 'amazement_surprise': 0.042, 'interest_vigilance': 0.05, 'boredom': 0.069, 'sadness': 0.101, 'senerity': 0.104, 'fear': 0.144, 'acceptance': 0.189, 'disgust_loathing': 0.245}"
552,552,302,"On road to Kosovo independence, a warning: go slow",fear,2,"{'distraction': 0.008, 'sadness': 0.013, 'trust': 0.014, 'boredom': 0.019, 'senerity': 0.024, 'amazement_surprise': 0.073, 'fear': 0.131, 'acceptance': 0.138, 'anticipation': 0.149, 'disgust_loathing': 0.149, 'interest_vigilance': 0.322}"
553,553,303,Mistrial for officer who refused to go to Iraq,sadness,4,"{'senerity': 0.007, 'amazement_surprise': 0.009, 'distraction': 0.014, 'trust': 0.017, 'admire': 0.018, 'boredom': 0.031, 'anger': 0.033, 'interest_vigilance': 0.047, 'acceptance': 0.054, 'sadness': 0.136, 'disgust_loathing': 0.249, 'fear': 0.425}"
554,554,304,Rebels to join Nepal parliament,surprise,5,"{'anger': 0.005, 'joy_ecstasy': 0.007, 'distraction': 0.011, 'trust': 0.016, 'senerity': 0.022, 'sadness': 0.027, 'interest_vigilance': 0.035, 'acceptance': 0.104, 'disgust_loathing': 0.318, 'fear': 0.495}"
555,555,305,"EMI warns on profits, boss goes",fear,2,"{'distraction': 0.001, 'anticipation': 0.009, 'trust': 0.014, 'admire': 0.024, 'amazement_surprise': 0.032, 'anger': 0.037, 'boredom': 0.053, 'disgust_loathing': 0.076, 'sadness': 0.1, 'fear': 0.155, 'interest_vigilance': 0.162, 'senerity': 0.171, 'acceptance': 0.207}"
556,556,306,Subway collapse caught on camera,sadness,4,"{'trust': 0.007, 'anticipation': 0.017, 'admire': 0.02, 'distraction': 0.053, 'acceptance': 0.069, 'disgust_loathing': 0.107, 'interest_vigilance': 0.357, 'fear': 0.411}"
557,557,307,Stinky but true: men's sweat is made for love,surprise,5,"{'fear': 0.029, 'boredom': 0.104, 'sadness': 0.226, 'disgust_loathing': 0.325, 'anger': 0.357}"
558,558,308,"POLITICS-US: reprieve for officer who denounced ""Immoral War""",joy,3,"{'fear': 0.002, 'boredom': 0.071, 'sadness': 0.083, 'disgust_loathing': 0.363, 'anger': 0.521}"
559,559,309,Hunters stalk world's tallest trees,sadness,4,"{'anticipation': 0.001, 'sadness': 0.005, 'interest_vigilance': 0.025, 'senerity': 0.033, 'admire': 0.041, 'amazement_surprise': 0.061, 'distraction': 0.07, 'acceptance': 0.073, 'boredom': 0.113, 'fear': 0.118, 'joy_ecstasy': 0.133, 'anger': 0.156, 'disgust_loathing': 0.211}"
560,560,310,Fuel spill may lead to missing jet,fear,2,"{'amazement_surprise': 0.001, 'anticipation': 0.023, 'anger': 0.027, 'distraction': 0.043, 'interest_vigilance': 0.044, 'boredom': 0.102, 'fear': 0.151, 'sadness': 0.233, 'disgust_loathing': 0.416}"
561,561,311,"Sri Lanka floods displace 60,000",sadness,4,"{'anticipation': 0.016, 'joy_ecstasy': 0.021, 'amazement_surprise': 0.023, 'boredom': 0.027, 'acceptance': 0.037, 'anger': 0.038, 'distraction': 0.059, 'interest_vigilance': 0.062, 'fear': 0.087, 'sadness': 0.298, 'disgust_loathing': 0.373}"
562,562,312,"Justin Timberlake, Cameron Diaz announce split",sadness,4,"{'trust': 0.025, 'senerity': 0.035, 'amazement_surprise': 0.035, 'admire': 0.038, 'distraction': 0.038, 'interest_vigilance': 0.042, 'boredom': 0.043, 'fear': 0.051, 'anger': 0.053, 'joy_ecstasy': 0.096, 'disgust_loathing': 0.147, 'anticipation': 0.184, 'acceptance': 0.256}"
563,563,313,Iran to hit US interests if attacked,fear,2,"{'anger': 0.005, 'boredom': 0.008, 'sadness': 0.048, 'distraction': 0.064, 'interest_vigilance': 0.122, 'disgust_loathing': 0.248, 'fear': 0.544}"
564,564,314,Israel says hopes to keep Lebanon border calm,joy,3,"{'anticipation': 0.016, 'joy_ecstasy': 0.03, 'distraction': 0.03, 'interest_vigilance': 0.052, 'admire': 0.064, 'trust': 0.247, 'acceptance': 0.255, 'senerity': 0.347}"
565,565,315,Cisco sues Apple over iPhone name,anger,0,"{'trust': 0.009, 'joy_ecstasy': 0.025, 'distraction': 0.033, 'amazement_surprise': 0.034, 'anger': 0.036, 'admire': 0.04, 'interest_vigilance': 0.044, 'boredom': 0.065, 'senerity': 0.069, 'anticipation': 0.091, 'fear': 0.112, 'sadness': 0.124, 'acceptance': 0.161, 'disgust_loathing': 0.196}"
566,566,316,Two Palestinians killed near fence,sadness,4,"{'trust': 0.011, 'distraction': 0.013, 'anger': 0.019, 'acceptance': 0.026, 'boredom': 0.03, 'sadness': 0.068, 'interest_vigilance': 0.073, 'disgust_loathing': 0.291, 'fear': 0.511}"
567,567,317,EarthLink CEO dies at age 49,sadness,4,"{'fear': 0.011, 'senerity': 0.015, 'amazement_surprise': 0.033, 'admire': 0.035, 'anger': 0.054, 'anticipation': 0.069, 'joy_ecstasy': 0.073, 'distraction': 0.083, 'sadness': 0.102, 'acceptance': 0.127, 'disgust_loathing': 0.155, 'boredom': 0.285}"
568,568,318,"A star dies, a family feud is born",sadness,4,"{'fear': 0.037, 'sadness': 0.127, 'boredom': 0.131, 'anger': 0.366, 'disgust_loathing': 0.381}"
569,569,319,"Carter was a disaster, said Ford",anger,0,"{'admire': 0.004, 'interest_vigilance': 0.009, 'anger': 0.014, 'joy_ecstasy': 0.033, 'senerity': 0.035, 'amazement_surprise': 0.064, 'fear': 0.066, 'distraction': 0.068, 'anticipation': 0.073, 'acceptance': 0.081, 'boredom': 0.143, 'disgust_loathing': 0.193, 'sadness': 0.258}"
570,570,320,Super Bowl MVP Manning insists he's one of the guys,joy,3,"{'interest_vigilance': 0.001, 'anticipation': 0.029, 'sadness': 0.033, 'distraction': 0.038, 'joy_ecstasy': 0.042, 'trust': 0.049, 'admire': 0.056, 'boredom': 0.061, 'disgust_loathing': 0.092, 'senerity': 0.097, 'anger': 0.099, 'acceptance': 0.443}"
571,571,321,Personal health: the importance of knowing what the doctor is talking about,fear,2,"{'disgust_loathing': 0.001, 'anger': 0.03, 'boredom': 0.033, 'anticipation': 0.051, 'interest_vigilance': 0.078, 'joy_ecstasy': 0.099, 'trust': 0.17, 'admire': 0.265, 'acceptance': 0.315}"
572,572,322,Israel's Peretz urges halt to contentious Jerusalem construction,anger,0,"{'senerity': 0.013, 'amazement_surprise': 0.021, 'joy_ecstasy': 0.03, 'distraction': 0.04, 'sadness': 0.078, 'boredom': 0.079, 'acceptance': 0.1, 'fear': 0.171, 'anger': 0.176, 'disgust_loathing': 0.332}"
573,573,323,Peter Jackson will never work for me again,anger,0,"{'trust': 0.006, 'amazement_surprise': 0.025, 'anger': 0.035, 'distraction': 0.038, 'fear': 0.066, 'anticipation': 0.069, 'sadness': 0.091, 'joy_ecstasy': 0.11, 'disgust_loathing': 0.115, 'senerity': 0.125, 'acceptance': 0.144, 'boredom': 0.216}"
574,574,324,U.S. keeps Iran options open,joy,3,"{'sadness': 0.009, 'amazement_surprise': 0.016, 'fear': 0.024, 'joy_ecstasy': 0.027, 'anger': 0.034, 'distraction': 0.039, 'boredom': 0.042, 'senerity': 0.051, 'admire': 0.068, 'trust': 0.076, 'interest_vigilance': 0.1, 'anticipation': 0.107, 'disgust_loathing': 0.124, 'acceptance': 0.322}"
575,575,325,European shares hit fresh highs,joy,3,"{'distraction': 0.02, 'acceptance': 0.078, 'admire': 0.103, 'trust': 0.113, 'joy_ecstasy': 0.727}"
576,576,326,"For women, nothing's like the smell of men's sweat",surprise,5,"{'trust': 0.001, 'admire': 0.024, 'senerity': 0.045, 'amazement_surprise': 0.053, 'fear': 0.063, 'sadness': 0.069, 'acceptance': 0.078, 'distraction': 0.109, 'joy_ecstasy': 0.12, 'anger': 0.146, 'boredom': 0.151, 'disgust_loathing': 0.182}"
577,577,327,Looking beyond the iPhone,surprise,5,"{'distraction': 0.021, 'fear': 0.03, 'joy_ecstasy': 0.05, 'anticipation': 0.091, 'acceptance': 0.117, 'disgust_loathing': 0.14, 'senerity': 0.18, 'interest_vigilance': 0.412}"
578,578,328,Freed kidnap suspect: my terror at police raid,fear,2,"{'joy_ecstasy': 0.011, 'boredom': 0.025, 'trust': 0.047, 'senerity': 0.067, 'distraction': 0.067, 'disgust_loathing': 0.108, 'anticipation': 0.128, 'acceptance': 0.138, 'interest_vigilance': 0.211, 'fear': 0.24}"
579,579,329,"Far away, Super Bowl's losers will be champs",joy,3,"{'sadness': 0.006, 'anger': 0.02, 'senerity': 0.023, 'distraction': 0.027, 'amazement_surprise': 0.034, 'fear': 0.037, 'disgust_loathing': 0.042, 'trust': 0.056, 'admire': 0.061, 'anticipation': 0.069, 'boredom': 0.098, 'acceptance': 0.201, 'joy_ecstasy': 0.367}"
580,580,330,Woman dies after water binge,sadness,4,"{'acceptance': 0.021, 'senerity': 0.024, 'fear': 0.041, 'anger': 0.057, 'boredom': 0.14, 'disgust_loathing': 0.276, 'sadness': 0.481}"
581,581,331,Mancuso sparks U.S. celebrations,joy,3,"{'interest_vigilance': 0.013, 'fear': 0.017, 'trust': 0.017, 'anger': 0.025, 'amazement_surprise': 0.026, 'distraction': 0.051, 'boredom': 0.052, 'disgust_loathing': 0.087, 'acceptance': 0.169, 'admire': 0.224, 'joy_ecstasy': 0.359}"
582,582,332,ASEAN urges North Korea resolution,fear,2,"{'interest_vigilance': 0.019, 'distraction': 0.027, 'anticipation': 0.044, 'trust': 0.047, 'joy_ecstasy': 0.059, 'admire': 0.154, 'senerity': 0.157, 'acceptance': 0.534}"
583,583,333,Late penalty costs Roma the points,sadness,4,"{'anger': 0.021, 'amazement_surprise': 0.031, 'distraction': 0.037, 'senerity': 0.046, 'anticipation': 0.06, 'trust': 0.078, 'interest_vigilance': 0.079, 'admire': 0.08, 'boredom': 0.095, 'sadness': 0.109, 'fear': 0.112, 'acceptance': 0.127, 'disgust_loathing': 0.167}"
584,584,334,Mistrial declared in teacher-student rape case,sadness,4,"{'amazement_surprise': 0.002, 'distraction': 0.007, 'senerity': 0.008, 'anticipation': 0.022, 'boredom': 0.027, 'admire': 0.032, 'trust': 0.033, 'acceptance': 0.052, 'sadness': 0.073, 'interest_vigilance': 0.078, 'disgust_loathing': 0.246, 'fear': 0.461}"
585,585,335,'Bookworm Adventures' wordsmith's joy,joy,3,"{'anger': 0.002, 'fear': 0.013, 'admire': 0.02, 'distraction': 0.024, 'trust': 0.025, 'boredom': 0.031, 'amazement_surprise': 0.044, 'disgust_loathing': 0.058, 'acceptance': 0.101, 'joy_ecstasy': 0.722}"
586,586,336,Kylie's love split,sadness,4,"{'interest_vigilance': 0.008, 'trust': 0.024, 'senerity': 0.036, 'amazement_surprise': 0.038, 'anticipation': 0.039, 'anger': 0.041, 'joy_ecstasy': 0.05, 'distraction': 0.056, 'fear': 0.073, 'disgust_loathing': 0.088, 'boredom': 0.167, 'acceptance': 0.198, 'sadness': 0.224}"
587,587,337,iPod good for video games,joy,3,"{'sadness': 0.006, 'anticipation': 0.025, 'anger': 0.031, 'disgust_loathing': 0.037, 'interest_vigilance': 0.064, 'trust': 0.098, 'acceptance': 0.184, 'admire': 0.211, 'joy_ecstasy': 0.384}"
588,588,338,Review: virtual 'American Idol' hits right notes,joy,3,"{'amazement_surprise': 0.005, 'anger': 0.016, 'anticipation': 0.023, 'distraction': 0.024, 'disgust_loathing': 0.057, 'boredom': 0.062, 'fear': 0.065, 'trust': 0.076, 'admire': 0.117, 'acceptance': 0.24, 'joy_ecstasy': 0.356}"
589,589,339,Leo battles himself,joy,3,"{'joy_ecstasy': 0.015, 'distraction': 0.017, 'boredom': 0.03, 'senerity': 0.035, 'acceptance': 0.069, 'sadness': 0.113, 'fear': 0.159, 'anger': 0.205, 'disgust_loathing': 0.398}"
590,590,340,Attorneys point fingers in fight between Ryan O'Neal and son,anger,0,"{'senerity': 0.012, 'joy_ecstasy': 0.029, 'sadness': 0.035, 'distraction': 0.04, 'boredom': 0.056, 'acceptance': 0.097, 'fear': 0.158, 'disgust_loathing': 0.266, 'anger': 0.348}"
591,591,341,John Grisham set for court drama,fear,2,"{'fear': 0.016, 'trust': 0.033, 'sadness': 0.036, 'distraction': 0.038, 'interest_vigilance': 0.046, 'admire': 0.048, 'amazement_surprise': 0.054, 'anger': 0.07, 'joy_ecstasy': 0.079, 'boredom': 0.118, 'anticipation': 0.153, 'acceptance': 0.153, 'disgust_loathing': 0.195}"
592,592,342,"Bill Gates and Craig Mundie: vista is Secure, employees are not",surprise,5,"{'distraction': 0.001, 'boredom': 0.002, 'interest_vigilance': 0.029, 'admire': 0.07, 'joy_ecstasy': 0.073, 'anticipation': 0.076, 'senerity': 0.077, 'trust': 0.319, 'acceptance': 0.393}"
593,593,343,Iraqis fault delayed U.S. plan in attack,anger,0,"{'distraction': 0.031, 'boredom': 0.042, 'acceptance': 0.072, 'sadness': 0.08, 'interest_vigilance': 0.176, 'disgust_loathing': 0.235, 'fear': 0.404}"
594,594,344,Boy Scouts blamed for starting wildfire,fear,2,"{'boredom': 0.035, 'distraction': 0.062, 'interest_vigilance': 0.118, 'sadness': 0.212, 'fear': 0.271, 'disgust_loathing': 0.343}"
595,595,345,China urges UN action on N Korea,fear,2,"{'anger': 0.002, 'fear': 0.016, 'interest_vigilance': 0.021, 'boredom': 0.027, 'distraction': 0.032, 'sadness': 0.036, 'trust': 0.039, 'anticipation': 0.06, 'joy_ecstasy': 0.064, 'admire': 0.082, 'senerity': 0.115, 'disgust_loathing': 0.123, 'acceptance': 0.423}"
596,596,346,"Scorpion on a plane, a pantful of pain",fear,2,"{'acceptance': 0.014, 'joy_ecstasy': 0.033, 'sadness': 0.038, 'distraction': 0.038, 'fear': 0.045, 'boredom': 0.085, 'disgust_loathing': 0.296, 'anger': 0.491}"
597,597,347,Male sweat boosts women's hormone levels,surprise,5,"{'disgust_loathing': 0.002, 'amazement_surprise': 0.003, 'boredom': 0.007, 'sadness': 0.009, 'fear': 0.011, 'distraction': 0.03, 'interest_vigilance': 0.035, 'anger': 0.079, 'trust': 0.104, 'acceptance': 0.196, 'admire': 0.2, 'joy_ecstasy': 0.366}"
598,598,348,Mbeki on the big visit from the Chinese,surprise,5,"{'amazement_surprise': 0.022, 'trust': 0.025, 'distraction': 0.039, 'anger': 0.047, 'fear': 0.047, 'disgust_loathing': 0.047, 'anticipation': 0.048, 'sadness': 0.056, 'admire': 0.127, 'boredom': 0.127, 'joy_ecstasy': 0.18, 'acceptance': 0.274}"
599,599,349,French right nominates Sarkozy,joy,3,"{'fear': 0.027, 'anger': 0.03, 'disgust_loathing': 0.037, 'distraction': 0.038, 'trust': 0.073, 'boredom': 0.076, 'joy_ecstasy': 0.086, 'anticipation': 0.093, 'admire': 0.268, 'acceptance': 0.314}"
600,600,350,"Israeli, Lebanese clash on border",fear,2,"{'anger': 0.003, 'senerity': 0.004, 'boredom': 0.008, 'interest_vigilance': 0.025, 'sadness': 0.04, 'distraction': 0.054, 'acceptance': 0.087, 'disgust_loathing': 0.351, 'fear': 0.468}"
